Rank,Strategy,Dir,TF,Entry,Exit,SL,TP,Opened,Closed,Reason,Raw Pips,Net Pips,Net $,R:R
1,ICH_10_BTCUSD_H1,BUY,H1,67227.27,67875.67,67880.21,68227.27,2026-02-18T02:02:13,2026-02-18T05:18:08,sl_hit,648.4,597.4,5.854,1.53
2,SM_04_BTCUSD_H1,SELL,H1,67582.0,66938.53,66938.53,66582.0,2026-02-18T00:05:48,2026-02-18T04:48:50,sl,643.5,592.9,5.8087,1.55
3,CCI_01_BTCUSD_H1,BUY,H1,67304.63,67946.53,67954.9,68304.63,2026-02-18T15:01:21,2026-02-18T15:38:36,sl_hit,641.9,591.1,5.791,1.54
4,BB_03_BTCUSD_H1,BUY,H1,67304.63,67946.53,67954.9,68304.63,2026-02-18T15:01:22,2026-02-18T15:38:36,sl_hit,641.9,590.6,5.786,1.54
5,MACD_03_BTCUSD_H1,SELL,H1,67557.51,66938.53,66938.53,66557.51,2026-02-18T00:03:00,2026-02-18T04:48:49,sl,619.0,567.4,5.5538,1.62
6,CCI_01_BTCUSD_H1,SELL,H1,67772.09,67171.32,67122.65,66772.09,2026-02-18T11:02:55,2026-02-18T11:11:24,sl_hit,600.8,550.1,5.3807,1.54
7,PVT_04_BTCUSD_H1,SELL,H1,67770.34,67171.96,67122.65,66770.34,2026-02-18T11:03:48,2026-02-18T11:11:24,sl_hit,598.4,547.8,5.3578,1.54
8,MS_07_BTCUSD_H1,SELL,H1,67765.9,67171.32,67122.65,66765.9,2026-02-18T11:02:01,2026-02-18T11:11:24,sl_hit,594.6,544.0,5.3198,1.55
9,VOL_03_BTCUSD_H1,SELL,H1,66892.8,66355.33,66322.61,65892.8,2026-02-18T18:26:55,2026-02-18T18:47:20,sl_hit,537.5,486.4,4.7437,1.75
10,ICH_04_BTCUSD_H1,SELL,H1,67769.46,67249.18,67205.41,66769.46,2026-02-18T15:52:56,2026-02-18T16:08:12,sl_hit,520.3,468.7,4.5668,1.77
11,MTF_03_BTCUSD_H1,SELL,H1,66869.86,66353.46,66322.61,65869.86,2026-02-18T18:39:33,2026-02-18T18:47:20,sl_hit,516.4,465.7,4.537,1.83
12,ICH_01_BTCUSD_H1,SELL,H1,66869.86,66355.33,66322.61,65869.86,2026-02-18T18:39:33,2026-02-18T18:47:20,sl_hit,514.5,463.2,4.5123,1.83
13,SM_05_BTCUSD_H1,BUY,H1,67381.22,67875.67,67880.21,68381.22,2026-02-18T03:01:33,2026-02-18T05:18:11,sl_hit,494.4,443.9,4.3195,2.0
14,MOM_01_BTCUSD_H1,SELL,H1,66827.39,66355.33,66322.61,65827.39,2026-02-18T18:23:21,2026-02-18T18:47:20,sl_hit,472.1,421.4,4.0936,1.98
15,PVT_02_BTCUSD_H1,SELL,H1,68261.04,67794.11,67793.9,67261.04,2026-02-18T08:34:56,2026-02-18T10:45:46,sl_hit,466.9,415.6,4.0363,2.14
16,VOL_05_BTCUSD_H1,SELL,H1,67296.81,66835.71,66810.17,66296.81,2026-02-18T11:08:52,2026-02-18T14:50:15,sl_hit,461.1,409.5,3.975,2.05
17,MTF_04_BTCUSD_H1,SELL,H1,67296.81,66835.71,66810.17,66296.81,2026-02-18T11:08:51,2026-02-18T14:50:15,sl_hit,461.1,409.3,3.973,2.05
18,ST_05_BTCUSD_H1,SELL,H1,67315.05,66857.24,66684.23,66315.05,2026-02-18T16:05:28,2026-02-18T18:23:25,sl_hit,457.8,406.0,3.9401,1.59
19,MA_07_BTCUSD_H1,SELL,H1,67315.05,66859.92,66684.23,66315.05,2026-02-18T16:05:28,2026-02-18T18:23:25,sl_hit,455.1,404.2,3.9223,1.59
20,ADX_01_BTCUSD_H1,SELL,H1,67290.52,66836.22,66810.17,66290.52,2026-02-18T14:10:29,2026-02-18T14:50:16,sl_hit,454.3,403.2,3.912,2.08
21,VOL_03_BTCUSD_H1,SELL,H1,67290.52,66836.28,66810.17,66290.52,2026-02-18T14:10:28,2026-02-18T14:50:16,sl_hit,454.2,402.4,3.9044,2.08
22,MA_03_BTCUSD_H1,SELL,H1,66611.49,66159.64,66092.27,65611.49,2026-02-19T15:03:33,2026-02-19T15:15:43,sl_hit,451.9,400.3,3.8825,1.93
23,ST_05_BTCUSD_H1,SELL,H1,67281.99,66836.28,66810.17,66281.99,2026-02-18T14:04:19,2026-02-18T14:50:16,sl_hit,445.7,394.1,3.8211,2.12
24,MA_09_BTCUSD_H1,SELL,H1,67316.41,66871.9,66685.41,66316.41,2026-02-18T17:11:15,2026-02-18T18:23:26,sl_hit,444.5,393.2,3.8121,1.58
25,CH_04_BTCUSD_H1,SELL,H1,67279.06,66836.28,66810.17,66279.06,2026-02-18T14:09:37,2026-02-18T14:50:16,sl_hit,442.8,392.0,3.7998,2.13
26,MA_12_BTCUSD_H1,SELL,H1,67279.06,66836.28,66810.17,66279.06,2026-02-18T14:09:37,2026-02-18T14:50:16,sl_hit,442.8,391.4,3.7938,2.13
27,MA_01_BTCUSD_H1,SELL,H1,68235.77,67794.38,67793.9,67235.77,2026-02-18T09:38:56,2026-02-18T10:45:46,sl_hit,441.4,389.5,3.7749,2.26
28,ICH_04_BTCUSD_H1,SELL,H1,68233.62,67794.11,67793.9,67233.62,2026-02-18T08:12:45,2026-02-18T10:45:45,sl_hit,439.5,388.3,3.7631,2.27
29,MOM_04_BTCUSD_H1,SELL,H1,67685.25,67249.88,67205.41,66685.25,2026-02-18T16:01:38,2026-02-18T16:08:12,sl_hit,435.4,384.9,3.7287,2.08
30,SRSI_03_BTCUSD_H1,SELL,H1,67685.25,67249.84,67205.41,66685.25,2026-02-18T16:01:35,2026-02-18T16:08:12,sl_hit,435.4,383.8,3.7181,2.08
31,VOL_07_BTCUSD_H1,SELL,H1,68225.08,67794.37,67793.9,67225.08,2026-02-18T09:40:40,2026-02-18T10:45:46,sl_hit,430.7,379.7,3.6771,2.32
32,MACD_04_BTCUSD_H1,SELL,H1,68225.08,67793.98,67793.9,67225.08,2026-02-18T09:40:40,2026-02-18T10:45:47,sl_hit,431.1,379.3,3.673,2.32
33,ICH_06_BTCUSD_H1,SELL,H1,68219.8,67794.11,67793.9,67219.8,2026-02-18T08:34:00,2026-02-18T10:45:46,sl_hit,425.7,374.9,3.6289,2.35
34,ICH_05_BTCUSD_H1,SELL,H1,68219.8,67794.11,67793.9,67219.8,2026-02-18T08:33:59,2026-02-18T10:45:45,sl_hit,425.7,374.4,3.6239,2.35
35,MOM_01_BTCUSD_H1,BUY,H1,67738.61,68163.55,68179.52,68738.61,2026-02-18T05:36:45,2026-02-18T07:50:04,sl_hit,424.9,373.4,3.6144,2.27
36,MACD_01_BTCUSD_H1,BUY,H1,67738.61,68163.55,68179.52,68738.61,2026-02-18T05:36:45,2026-02-18T07:50:04,sl_hit,424.9,373.1,3.6114,2.27
37,MA_06_BTCUSD_H1,SELL,H1,68215.4,67794.38,67793.9,67215.4,2026-02-18T09:39:47,2026-02-18T10:45:46,sl_hit,421.0,370.3,3.5832,2.37
38,MA_05_BTCUSD_H1,SELL,H1,67278.09,66857.24,66684.23,66278.09,2026-02-18T16:04:35,2026-02-18T18:23:25,sl_hit,420.8,369.4,3.5745,1.68
39,MA_11_BTCUSD_H1,SELL,H1,68215.4,67794.38,67793.9,67215.4,2026-02-18T09:39:47,2026-02-18T10:45:46,sl_hit,421.0,369.2,3.5722,2.37
40,ADX_01_BTCUSD_H1,SELL,H1,66412.48,65994.18,65976.03,65412.48,2026-02-19T13:15:59,2026-02-19T13:44:46,sl_hit,418.3,367.5,3.555,2.29
41,ARN_02_BTCUSD_H1,SELL,H1,67278.09,66858.99,66684.23,66278.09,2026-02-18T16:04:33,2026-02-18T18:23:24,sl_hit,419.1,367.4,3.554,1.68
42,PVT_04_BTCUSD_H1,SELL,H1,66937.48,66518.56,66510.12,65937.48,2026-02-19T09:03:01,2026-02-19T12:01:54,sl_hit,418.9,367.3,3.5532,2.34
43,PA_06_BTCUSD_H1,SELL,H1,68207.71,67794.38,67793.9,67207.71,2026-02-18T09:34:27,2026-02-18T10:45:46,sl_hit,413.3,362.3,3.5033,2.42
44,MA_10_BTCUSD_H1,SELL,H1,67282.95,66872.36,66685.41,66282.95,2026-02-18T17:06:06,2026-02-18T18:23:26,sl_hit,410.6,359.6,3.4759,1.67
45,ICH_05_BTCUSD_H1,SELL,H1,66927.22,66518.56,66510.12,65927.22,2026-02-19T02:25:39,2026-02-19T12:01:52,sl_hit,408.7,357.8,3.4576,2.4
46,CH_04_BTCUSD_H1,SELL,H1,67535.94,67129.63,67122.09,66535.94,2026-02-18T13:08:51,2026-02-18T13:55:57,sl_hit,406.3,355.8,3.4381,2.42
47,ADX_01_BTCUSD_H1,SELL,H1,67535.21,67129.63,67122.09,66535.21,2026-02-18T13:09:42,2026-02-18T13:55:57,sl_hit,405.6,355.1,3.4308,2.42
48,ST_06_BTCUSD_H1,SELL,H1,66924.01,66518.56,66510.12,65924.01,2026-02-19T02:26:29,2026-02-19T12:01:52,sl_hit,405.4,354.5,3.4255,2.42
49,MA_12_BTCUSD_H1,SELL,H1,67535.94,67129.63,67122.09,66535.94,2026-02-18T13:08:51,2026-02-18T13:55:57,sl_hit,406.3,354.3,3.4231,2.42
50,CCI_03_BTCUSD_H1,SELL,H1,66924.01,66518.56,66510.12,65924.01,2026-02-19T02:26:30,2026-02-19T12:01:52,sl_hit,405.4,354.0,3.4205,2.42
51,VOL_03_BTCUSD_H1,SELL,H1,67535.21,67129.63,67122.09,66535.21,2026-02-18T13:09:42,2026-02-18T13:55:57,sl_hit,405.6,354.0,3.4198,2.42
52,ICH_01_BTCUSD_H1,SELL,H1,66921.92,66518.56,66510.12,65921.92,2026-02-19T02:30:35,2026-02-19T12:01:53,sl_hit,403.4,352.7,3.4066,2.43
53,FIB_05_BTCUSD_H1,SELL,H1,68197.1,67794.11,67793.9,67197.1,2026-02-18T09:18:33,2026-02-18T10:45:46,sl_hit,403.0,351.0,3.3899,2.48
54,ICH_10_BTCUSD_H1,SELL,H1,68197.1,67794.38,67793.9,67197.1,2026-02-18T09:18:34,2026-02-18T10:45:46,sl_hit,402.7,351.0,3.3902,2.48
55,MACD_04_BTCUSD_H1,SELL,H1,67529.48,67131.74,67122.44,66529.48,2026-02-18T11:50:51,2026-02-18T13:55:56,sl_hit,397.7,346.5,3.3454,2.46
56,ST_06_BTCUSD_H1,SELL,H1,67529.48,67131.74,67122.44,66529.48,2026-02-18T11:50:51,2026-02-18T13:55:56,sl_hit,397.7,346.4,3.3444,2.46
57,ICH_07_BTCUSD_H1,SELL,H1,66555.82,66159.64,66092.27,65555.82,2026-02-19T15:01:43,2026-02-19T15:15:43,sl_hit,396.2,344.8,3.3278,2.16
58,ICH_02_BTCUSD_H1,SELL,H1,67526.93,67131.72,67122.09,66526.93,2026-02-18T12:48:45,2026-02-18T13:55:56,sl_hit,395.2,344.6,3.3261,2.47
59,ICH_06_BTCUSD_H1,SELL,H1,67526.93,67131.72,67122.09,66526.93,2026-02-18T12:48:45,2026-02-18T13:55:56,sl_hit,395.2,344.5,3.3251,2.47
60,ICH_09_BTCUSD_H1,SELL,H1,67232.53,66837.69,66833.41,66232.53,2026-02-19T07:22:45,2026-02-19T08:33:52,sl_hit,394.8,343.0,3.3104,2.51
61,MA_07_BTCUSD_H1,SELL,H1,67523.06,67131.65,67122.09,66523.06,2026-02-18T13:00:47,2026-02-18T13:55:56,sl_hit,391.4,340.0,3.2801,2.49
62,MA_02_BTCUSD_H1,SELL,H1,67523.46,67131.72,67122.09,66523.46,2026-02-18T12:49:35,2026-02-18T13:55:56,sl_hit,391.7,339.7,3.2774,2.49
63,MA_10_BTCUSD_H1,SELL,H1,66908.11,66518.56,66510.12,65908.11,2026-02-19T04:30:44,2026-02-19T12:01:53,sl_hit,389.6,338.7,3.2665,2.51
64,ATR_03_BTCUSD_H1,SELL,H1,66908.11,66518.56,66510.12,65908.11,2026-02-19T04:30:44,2026-02-19T12:01:53,sl_hit,389.6,338.6,3.2655,2.51
65,ADX_06_BTCUSD_H1,SELL,H1,67634.82,67249.18,67205.41,66634.82,2026-02-18T15:58:52,2026-02-18T16:08:12,sl_hit,385.6,334.3,3.2234,2.33
66,ICH_09_BTCUSD_H1,SELL,H1,67634.82,67249.84,67205.41,66634.82,2026-02-18T15:58:52,2026-02-18T16:08:12,sl_hit,385.0,333.5,3.2148,2.33
67,MOM_01_BTCUSD_H1,BUY,H1,67477.46,67861.05,67878.44,68477.46,2026-02-18T03:23:42,2026-02-18T05:18:13,sl_hit,383.6,332.5,3.2049,2.49
68,MACD_01_BTCUSD_H1,BUY,H1,66790.17,67173.41,67188.18,67790.17,2026-02-19T05:01:36,2026-02-19T06:28:57,sl_hit,383.2,331.7,3.1974,2.51
69,RSI_09_BTCUSD_H1,SELL,H1,67632.31,67249.84,67205.41,66632.31,2026-02-18T16:00:35,2026-02-18T16:08:12,sl_hit,382.5,330.9,3.1887,2.34
70,ICH_01_BTCUSD_H1,BUY,H1,67900.24,68281.27,68318.81,68900.24,2026-02-18T15:37:44,2026-02-18T15:42:51,sl_hit,381.0,330.5,3.1853,2.39
71,ST_03_BTCUSD_H1,SELL,H1,68175.85,67794.11,67793.9,67175.85,2026-02-18T08:36:49,2026-02-18T10:45:46,sl_hit,381.7,330.3,3.1834,2.62
72,ST_02_BTCUSD_H1,SELL,H1,67217.05,66835.65,66810.17,66217.05,2026-02-18T13:47:08,2026-02-18T14:50:15,sl_hit,381.4,330.1,3.181,2.46
73,ICH_02_BTCUSD_H1,SELL,H1,68175.85,67794.11,67793.9,67175.85,2026-02-18T08:36:49,2026-02-18T10:45:46,sl_hit,381.7,329.9,3.1794,2.62
74,ICH_08_BTCUSD_H1,SELL,H1,67512.18,67131.65,67122.09,66512.18,2026-02-18T13:01:48,2026-02-18T13:55:57,sl_hit,380.5,329.7,3.1773,2.56
75,FIB_08_BTCUSD_H1,SELL,H1,66372.16,65994.18,65976.03,65372.16,2026-02-19T12:07:58,2026-02-19T13:44:46,sl_hit,378.0,327.1,3.1508,2.52
76,ARN_02_BTCUSD_H1,SELL,H1,67507.83,67130.15,67122.09,66507.83,2026-02-18T13:02:46,2026-02-18T13:55:57,sl_hit,377.7,326.7,3.1468,2.59
77,ST_01_BTCUSD_H1,SELL,H1,68170.45,67794.11,67793.9,67170.45,2026-02-18T08:37:45,2026-02-18T10:45:46,sl_hit,376.3,325.2,3.1324,2.66
78,MA_02_BTCUSD_H1,SELL,H1,68170.45,67794.11,67793.9,67170.45,2026-02-18T08:37:45,2026-02-18T10:45:46,sl_hit,376.3,324.9,3.1294,2.66
79,ICH_09_BTCUSD_H1,SELL,H1,67507.69,67131.72,67122.44,66507.69,2026-02-18T11:40:42,2026-02-18T13:55:56,sl_hit,376.0,324.1,3.1207,2.6
80,VOL_03_BTCUSD_H1,SELL,H1,67247.65,66871.9,66685.41,66247.65,2026-02-18T17:12:06,2026-02-18T18:23:26,sl_hit,375.8,323.9,3.1185,1.78
81,MTF_01_BTCUSD_H1,SELL,H1,68164.45,67794.11,67793.9,67164.45,2026-02-18T08:38:38,2026-02-18T10:45:46,sl_hit,370.3,319.6,3.0764,2.7
82,RSI_05_BTCUSD_H1,BUY,H1,67792.71,68163.55,68179.49,68792.71,2026-02-18T07:35:08,2026-02-18T07:50:05,sl_hit,370.8,319.3,3.0734,2.59
83,WYC_01_BTCUSD_H1,BUY,H1,66324.57,66694.45,66708.43,67324.57,2026-02-18T22:01:39,2026-02-19T01:16:08,sl_hit,369.9,319.2,3.0718,2.61
84,STOCH_03_BTCUSD_H1,BUY,H1,66323.55,66694.45,66708.43,67323.55,2026-02-18T21:01:01,2026-02-19T01:16:08,sl_hit,370.9,319.1,3.071,2.6
85,MTF_02_BTCUSD_H1,BUY,H1,67792.71,68163.55,68179.49,68792.71,2026-02-18T07:35:08,2026-02-18T07:50:05,sl_hit,370.8,319.0,3.0704,2.59
86,ATR_03_BTCUSD_H1,SELL,H1,68164.45,67794.11,67793.9,67164.45,2026-02-18T08:38:38,2026-02-18T10:45:46,sl_hit,370.3,318.9,3.0694,2.7
87,MS_06_BTCUSD_H1,BUY,H1,66324.57,66694.47,66708.43,67324.57,2026-02-18T22:01:39,2026-02-19T01:16:08,sl_hit,369.9,318.8,3.068,2.61
88,MOM_01_BTCUSD_H1,SELL,H1,68162.26,67794.11,67793.9,67162.26,2026-02-18T07:50:55,2026-02-18T10:45:45,sl_hit,368.1,317.3,3.0535,2.71
89,PVT_01_BTCUSD_H1,SELL,H1,68162.26,67794.11,67793.9,67162.26,2026-02-18T07:50:55,2026-02-18T10:45:45,sl_hit,368.1,316.1,3.0415,2.71
90,SM_04_BTCUSD_H1,BUY,H1,66801.38,67166.87,67208.88,67801.38,2026-02-18T14:49:22,2026-02-18T14:57:43,sl_hit,365.5,314.2,3.0219,2.45
91,MA_12_BTCUSD_H1,BUY,H1,67802.34,68163.55,68179.52,68802.34,2026-02-18T07:33:09,2026-02-18T07:50:05,sl_hit,361.2,310.7,2.9871,2.65
92,WR_01_BTCUSD_H1,SELL,H1,67493.39,67131.72,67122.44,66493.39,2026-02-18T11:48:19,2026-02-18T13:55:56,sl_hit,361.7,310.6,2.9857,2.7
93,MTF_03_BTCUSD_H1,BUY,H1,67802.34,68163.55,68179.52,68802.34,2026-02-18T07:33:11,2026-02-18T07:50:05,sl_hit,361.2,309.6,2.9761,2.65
94,ST_06_BTCUSD_H1,SELL,H1,68153.9,67794.11,67793.9,67153.9,2026-02-18T08:40:26,2026-02-18T10:45:46,sl_hit,359.8,308.9,2.9689,2.78
95,EW_04_BTCUSD_H1,BUY,H1,66813.86,67173.41,67188.18,67813.86,2026-02-19T03:02:00,2026-02-19T06:28:56,sl_hit,359.6,307.6,2.9555,2.67
96,KST_03_BTCUSD_H1,BUY,H1,66335.82,66694.5,66708.43,67335.82,2026-02-18T22:04:25,2026-02-19T01:16:09,sl_hit,358.7,307.6,2.9558,2.68
97,BB_09_BTCUSD_H1,BUY,H1,66335.82,66692.78,66708.43,67335.82,2026-02-18T22:04:26,2026-02-19T01:16:09,sl_hit,357.0,306.4,2.9436,2.68
98,MA_11_BTCUSD_H1,SELL,H1,66343.12,65986.1,65909.67,65343.12,2026-02-18T18:52:23,2026-02-18T19:40:16,sl_hit,357.0,306.2,2.9422,2.31
99,VOL_07_BTCUSD_H1,SELL,H1,67194.66,66837.69,66833.41,66194.66,2026-02-19T06:30:40,2026-02-19T08:33:52,sl_hit,357.0,305.6,2.9357,2.77
100,MOM_02_BTCUSD_H1,BUY,H1,66817.7,67173.41,67188.18,67817.7,2026-02-19T05:00:25,2026-02-19T06:28:57,sl_hit,355.7,304.8,2.9281,2.7
101,ICH_05_BTCUSD_H1,SELL,H1,67486.89,67131.72,67122.44,66486.89,2026-02-18T11:47:27,2026-02-18T13:55:56,sl_hit,355.2,304.4,2.9237,2.74
102,FIB_05_BTCUSD_H1,SELL,H1,67486.89,67131.72,67122.44,66486.89,2026-02-18T11:47:27,2026-02-18T13:55:56,sl_hit,355.2,304.1,2.9207,2.74
103,ICH_04_BTCUSD_H1,SELL,H1,67191.92,66836.22,66810.17,66191.92,2026-02-18T13:51:28,2026-02-18T14:50:15,sl_hit,355.7,304.1,2.921,2.62
104,STOCH_01_BTCUSD_H1,SELL,H1,68147.85,67793.98,67793.9,67147.85,2026-02-18T10:00:24,2026-02-18T10:45:47,sl_hit,353.9,303.4,2.9137,2.83
105,ADX_06_BTCUSD_H1,SELL,H1,67486.51,67131.74,67122.44,66486.51,2026-02-18T12:03:38,2026-02-18T13:55:56,sl_hit,354.8,303.1,2.9107,2.75
106,ST_05_BTCUSD_H1,SELL,H1,67480.92,67129.62,67122.09,66480.92,2026-02-18T13:03:41,2026-02-18T13:55:57,sl_hit,351.3,300.1,2.881,2.79
107,MTF_01_BTCUSD_H1,SELL,H1,66867.61,66518.56,66510.12,65867.61,2026-02-19T08:31:17,2026-02-19T12:01:54,sl_hit,349.1,297.3,2.8525,2.8
108,ICH_10_BTCUSD_H1,BUY,H1,66347.22,66692.83,66708.43,67347.22,2026-02-18T23:03:33,2026-02-19T01:16:09,sl_hit,345.6,294.4,2.8241,2.77
109,CCI_02_BTCUSD_H1,SELL,H1,66330.82,65986.1,65909.67,65330.82,2026-02-18T19:22:53,2026-02-18T19:40:16,sl_hit,344.7,293.7,2.8172,2.37
110,MACD_10_BTCUSD_H1,SELL,H1,67594.72,67249.88,67205.41,66594.72,2026-02-18T16:02:29,2026-02-18T16:08:12,sl_hit,344.8,293.6,2.8164,2.57
111,STOCH_08_BTCUSD_H1,SELL,H1,67594.72,67249.88,67205.41,66594.72,2026-02-18T16:02:32,2026-02-18T16:08:12,sl_hit,344.8,293.3,2.8134,2.57
112,EW_04_BTCUSD_H1,BUY,H1,67819.61,68163.55,68179.49,68819.61,2026-02-18T07:36:02,2026-02-18T07:50:05,sl_hit,343.9,292.5,2.8054,2.78
113,PVT_03_BTCUSD_H1,BUY,H1,67819.61,68163.55,68179.49,68819.61,2026-02-18T07:35:59,2026-02-18T07:50:05,sl_hit,343.9,292.3,2.8034,2.78
114,SM_07_BTCUSD_H1,SELL,H1,66858.57,66518.56,66510.12,65858.57,2026-02-19T08:35:42,2026-02-19T12:01:54,sl_hit,340.0,288.5,2.7651,2.87
115,PA_02_BTCUSD_H1,SELL,H1,66857.46,66518.56,66510.12,65857.46,2026-02-19T02:22:19,2026-02-19T12:01:52,sl_hit,338.9,287.1,2.751,2.88
116,MA_11_BTCUSD_H1,BUY,H1,66832.22,67166.87,67208.88,67832.22,2026-02-18T14:51:04,2026-02-18T14:57:43,sl_hit,334.6,282.7,2.7075,2.65
117,ICH_09_BTCUSD_H1,SELL,H1,67169.11,66836.22,66810.17,66169.11,2026-02-18T13:57:43,2026-02-18T14:50:15,sl_hit,332.9,282.2,2.7019,2.79
118,SRSI_05_BTCUSD_H1,SELL,H1,68126.81,67794.11,67793.9,67126.81,2026-02-18T09:00:35,2026-02-18T10:45:46,sl_hit,332.7,281.9,2.699,3.0
119,MA_04_BTCUSD_H1,SELL,H1,68126.46,67794.11,67793.9,67126.46,2026-02-18T08:39:32,2026-02-18T10:45:46,sl_hit,332.4,281.8,2.6975,3.01
120,VOL_03_BTCUSD_H1,SELL,H1,66851.4,66518.56,66510.12,65851.4,2026-02-19T05:58:21,2026-02-19T12:01:53,sl_hit,332.8,281.7,2.6974,2.93
121,MACD_02_BTCUSD_H1,BUY,H1,66842.85,67175.26,67188.18,67842.85,2026-02-19T02:01:27,2026-02-19T06:28:55,sl_hit,332.4,281.5,2.6951,2.9
122,ADX_06_BTCUSD_H1,SELL,H1,67169.11,66836.28,66810.17,66169.11,2026-02-18T13:57:43,2026-02-18T14:50:15,sl_hit,332.8,281.4,2.6943,2.79
123,PVT_02_BTCUSD_H1,BUY,H1,66362.41,66694.45,66708.43,67362.41,2026-02-18T20:27:26,2026-02-19T01:16:08,sl_hit,332.0,281.3,2.6934,2.89
124,ADX_01_BTCUSD_H1,SELL,H1,66851.4,66518.56,66510.12,65851.4,2026-02-19T05:58:21,2026-02-19T12:01:53,sl_hit,332.8,281.2,2.6924,2.93
125,MS_06_BTCUSD_H1,BUY,H1,67528.66,67861.46,67878.44,68528.66,2026-02-18T04:08:55,2026-02-18T05:18:16,sl_hit,332.8,281.2,2.692,2.86
126,RSI_06_BTCUSD_H1,BUY,H1,66164.27,66496.42,66504.59,67164.27,2026-02-18T20:00:28,2026-02-18T20:38:23,sl_hit,332.1,281.1,2.6915,2.94
127,HARM_06_BTCUSD_H1,BUY,H1,66842.85,67175.26,67188.18,67842.85,2026-02-19T02:01:28,2026-02-19T06:28:55,sl_hit,332.4,280.9,2.6891,2.9
128,CDL_10_BTCUSD_H1,BUY,H1,66164.27,66496.42,66504.59,67164.27,2026-02-18T20:00:27,2026-02-18T20:38:23,sl_hit,332.1,280.6,2.6865,2.94
129,SM_03_BTCUSD_H1,SELL,H1,66847.85,66518.56,66510.12,65847.85,2026-02-19T03:02:53,2026-02-19T12:01:53,sl_hit,329.3,278.6,2.6659,2.96
130,ICH_04_BTCUSD_H1,SELL,H1,66847.08,66518.53,66510.12,65847.08,2026-02-19T01:58:04,2026-02-19T12:01:52,sl_hit,328.6,278.0,2.6595,2.97
131,SM_07_BTCUSD_H1,SELL,H1,67165.63,66836.62,66833.41,66165.63,2026-02-19T07:00:55,2026-02-19T08:34:49,sl_hit,329.0,277.8,2.6581,3.01
132,ST_02_BTCUSD_H1,SELL,H1,66847.08,66518.53,66510.12,65847.08,2026-02-19T01:58:04,2026-02-19T12:01:52,sl_hit,328.6,276.7,2.6465,2.97
133,MACD_06_BTCUSD_H1,BUY,H1,67835.28,68163.55,68179.52,68835.28,2026-02-18T06:32:57,2026-02-18T07:50:05,sl_hit,328.3,276.3,2.6427,2.9
134,MACD_08_BTCUSD_H1,BUY,H1,67835.28,68163.55,68179.52,68835.28,2026-02-18T06:32:56,2026-02-18T07:50:04,sl_hit,328.3,276.3,2.6427,2.9
135,EW_02_BTCUSD_H1,SELL,H1,67199.17,66872.39,66685.41,66199.17,2026-02-18T17:05:08,2026-02-18T18:23:26,sl_hit,326.8,275.7,2.6368,1.95
136,ICH_08_BTCUSD_H1,SELL,H1,66720.48,66394.13,66385.19,65720.48,2026-02-19T11:41:16,2026-02-19T12:08:49,sl_hit,326.3,275.5,2.6355,2.98
137,SM_04_BTCUSD_H1,SELL,H1,66720.48,66394.17,66385.19,65720.48,2026-02-19T11:41:16,2026-02-19T12:08:49,sl_hit,326.3,275.2,2.6321,2.98
138,MA_06_BTCUSD_H1,SELL,H1,66844.81,66518.56,66510.12,65844.81,2026-02-19T11:04:37,2026-02-19T12:01:56,sl_hit,326.2,274.8,2.6275,2.99
139,ICH_07_BTCUSD_H1,SELL,H1,66843.88,66518.56,66510.12,65843.88,2026-02-19T10:02:48,2026-02-19T12:01:55,sl_hit,325.3,274.5,2.6252,3.0
140,ST_05_BTCUSD_H1,SELL,H1,66843.57,66518.56,66510.12,65843.57,2026-02-19T11:31:44,2026-02-19T12:01:56,sl_hit,325.0,273.7,2.6171,3.0
141,ST_04_BTCUSD_H1,SELL,H1,66843.57,66518.56,66510.12,65843.57,2026-02-19T11:31:43,2026-02-19T12:01:56,sl_hit,325.0,273.2,2.6121,3.0
142,ST_01_BTCUSD_H1,SELL,H1,67159.78,66836.22,66810.17,66159.78,2026-02-18T13:49:43,2026-02-18T14:50:15,sl_hit,323.6,272.9,2.6086,2.86
143,PVT_04_BTCUSD_H1,SELL,H1,67455.42,67131.74,67122.44,66455.42,2026-02-18T12:04:30,2026-02-18T13:55:56,sl_hit,323.7,272.7,2.6068,3.0
144,ST_03_BTCUSD_H1,SELL,H1,67159.78,66835.65,66810.17,66159.78,2026-02-18T13:48:53,2026-02-18T14:50:15,sl_hit,324.1,272.1,2.6013,2.86
145,ICH_10_BTCUSD_H1,SELL,H1,67159.78,66836.22,66810.17,66159.78,2026-02-18T13:49:43,2026-02-18T14:50:15,sl_hit,323.6,271.9,2.5986,2.86
146,MOM_01_BTCUSD_H1,SELL,H1,66308.68,65986.1,65909.67,65308.68,2026-02-18T19:23:43,2026-02-18T19:40:16,sl_hit,322.6,271.9,2.5988,2.51
147,ICH_10_BTCUSD_H1,SELL,H1,68364.99,68042.75,68039.38,67364.99,2026-02-18T08:17:50,2026-02-18T09:10:11,sl_hit,322.2,271.4,2.5944,3.07
148,FIB_05_BTCUSD_H1,SELL,H1,68364.99,68042.75,68039.38,67364.99,2026-02-18T08:17:50,2026-02-18T09:10:11,sl_hit,322.2,270.9,2.5894,3.07
149,MA_06_BTCUSD_H1,SELL,H1,67157.19,66836.62,66833.41,66157.19,2026-02-19T08:01:16,2026-02-19T08:34:49,sl_hit,320.6,269.7,2.5767,3.09
150,MA_03_BTCUSD_H1,SELL,H1,66839.01,66518.56,66510.12,65839.01,2026-02-19T02:14:51,2026-02-19T12:01:52,sl_hit,320.4,269.0,2.5705,3.04
151,MA_04_BTCUSD_H1,SELL,H1,67157.19,66836.62,66833.41,66157.19,2026-02-19T08:01:16,2026-02-19T08:34:49,sl_hit,320.6,268.7,2.5667,3.09
152,ST_03_BTCUSD_H1,SELL,H1,66838.44,66518.56,66510.12,65838.44,2026-02-19T04:57:40,2026-02-19T12:01:53,sl_hit,319.9,268.7,2.5668,3.05
153,MA_11_BTCUSD_H1,SELL,H1,66839.01,66518.56,66510.12,65839.01,2026-02-19T02:14:51,2026-02-19T12:01:52,sl_hit,320.4,268.4,2.5645,3.04
154,VOL_02_BTCUSD_H1,BUY,H1,66856.01,67175.26,67188.18,67856.01,2026-02-19T02:14:51,2026-02-19T06:28:56,sl_hit,319.2,268.4,2.5645,3.01
155,ULT_02_BTCUSD_H1,BUY,H1,66250.71,66569.24,66571.31,67250.71,2026-02-18T20:03:14,2026-02-19T00:10:34,sl_hit,318.5,267.9,2.5593,3.12
156,MACD_08_BTCUSD_H1,SELL,H1,66181.65,65862.61,65830.5,65181.65,2026-02-19T13:29:24,2026-02-19T13:51:28,sl_hit,319.0,267.2,2.5524,2.85
157,ICH_06_BTCUSD_H1,SELL,H1,66181.65,65862.61,65830.5,65181.65,2026-02-19T13:29:24,2026-02-19T13:51:28,sl_hit,319.0,267.0,2.5504,2.85
158,BB_06_BTCUSD_H1,BUY,H1,66376.27,66694.5,66708.43,67376.27,2026-02-18T22:02:35,2026-02-19T01:16:09,sl_hit,318.2,266.8,2.5483,3.01
159,MA_12_BTCUSD_H1,BUY,H1,66855.56,67173.41,67188.18,67855.56,2026-02-19T04:57:39,2026-02-19T06:28:56,sl_hit,317.9,266.8,2.5475,3.01
160,STOCH_07_BTCUSD_H1,BUY,H1,66376.27,66694.47,66708.43,67376.27,2026-02-18T22:02:34,2026-02-19T01:16:08,sl_hit,318.2,266.8,2.548,3.01
161,ADX_06_BTCUSD_H1,SELL,H1,66835.5,66518.56,66510.12,65835.5,2026-02-19T03:15:28,2026-02-19T12:01:53,sl_hit,316.9,266.1,2.5414,3.07
162,WR_01_BTCUSD_H1,SELL,H1,68110.92,67794.11,67793.9,67110.92,2026-02-18T08:01:34,2026-02-18T10:45:45,sl_hit,316.8,265.5,2.5351,3.15
163,MOM_01_BTCUSD_H1,SELL,H1,67153.43,66836.63,66833.41,66153.43,2026-02-19T06:33:17,2026-02-19T08:34:49,sl_hit,316.8,265.3,2.533,3.12
164,MA_02_BTCUSD_H1,SELL,H1,67153.43,66836.63,66833.41,66153.43,2026-02-19T06:33:16,2026-02-19T08:34:48,sl_hit,316.8,265.2,2.532,3.12
165,HARM_01_BTCUSD_H1,BUY,H1,67847.81,68163.55,68179.52,68847.81,2026-02-18T06:34:52,2026-02-18T07:50:05,sl_hit,315.7,264.8,2.5284,3.01
166,ICH_01_BTCUSD_H1,BUY,H1,67096.36,67411.75,67414.72,68096.36,2026-02-18T16:38:22,2026-02-18T17:08:40,sl_hit,315.4,264.4,2.5239,3.14
167,PVT_01_BTCUSD_H1,BUY,H1,67847.81,68163.55,68179.52,68847.81,2026-02-18T06:34:54,2026-02-18T07:50:05,sl_hit,315.7,264.4,2.5244,3.01
168,MTF_03_BTCUSD_H1,BUY,H1,67096.36,67411.75,67414.72,68096.36,2026-02-18T16:38:22,2026-02-18T17:08:40,sl_hit,315.4,263.6,2.5159,3.14
169,ST_02_BTCUSD_H1,BUY,H1,67313.91,67627.15,67639.15,68313.91,2026-02-18T11:08:52,2026-02-18T12:08:43,sl_hit,313.2,262.3,2.5034,3.07
170,MA_02_BTCUSD_H1,SELL,H1,67133.12,66819.98,66815.72,66133.12,2026-02-19T09:35:55,2026-02-19T09:50:08,sl_hit,313.1,261.8,2.4984,3.15
171,SRSI_01_BTCUSD_H1,SELL,H1,66830.71,66518.56,66510.12,65830.71,2026-02-19T11:01:00,2026-02-19T12:01:55,sl_hit,312.2,261.6,2.4955,3.12
172,ST_01_BTCUSD_H1,SELL,H1,67133.12,66820.16,66815.72,66133.12,2026-02-19T09:35:55,2026-02-19T09:50:08,sl_hit,313.0,261.4,2.4936,3.15
173,SM_08_BTCUSD_H1,BUY,H1,67851.04,68163.55,68179.52,68851.04,2026-02-18T06:33:53,2026-02-18T07:50:05,sl_hit,312.5,261.3,2.4931,3.04
174,SRSI_02_BTCUSD_H1,SELL,H1,66830.71,66518.56,66510.12,65830.71,2026-02-19T11:01:00,2026-02-19T12:01:55,sl_hit,312.2,261.2,2.4915,3.12
175,FIB_08_BTCUSD_H1,SELL,H1,66472.28,66159.69,66092.27,65472.28,2026-02-19T14:53:15,2026-02-19T15:15:42,sl_hit,312.6,261.1,2.4909,2.63
176,STOCH_03_BTCUSD_H1,BUY,H1,66615.79,66927.9,66934.44,67615.79,2026-02-19T01:17:47,2026-02-19T02:30:36,sl_hit,312.1,260.9,2.4891,3.14
177,CCI_02_BTCUSD_H1,BUY,H1,67851.41,68163.55,68179.52,68851.41,2026-02-18T07:01:25,2026-02-18T07:50:05,sl_hit,312.1,260.6,2.4864,3.05
178,CDL_10_BTCUSD_H1,BUY,H1,66615.79,66927.9,66934.44,67615.79,2026-02-19T01:17:47,2026-02-19T02:30:36,sl_hit,312.1,260.6,2.4861,3.14
179,VOL_07_BTCUSD_H1,SELL,H1,66830.28,66518.56,66510.12,65830.28,2026-02-19T08:34:46,2026-02-19T12:01:54,sl_hit,311.7,260.4,2.4842,3.12
180,ICH_09_BTCUSD_H1,SELL,H1,66830.28,66518.56,66510.12,65830.28,2026-02-19T08:34:45,2026-02-19T12:01:54,sl_hit,311.7,259.8,2.4782,3.12
181,ST_01_BTCUSD_H1,SELL,H1,66828.52,66518.56,66510.12,65828.52,2026-02-19T10:36:03,2026-02-19T12:01:55,sl_hit,310.0,259.5,2.4746,3.14
182,MACD_10_BTCUSD_H1,SELL,H1,67182.03,66871.28,66685.41,66182.03,2026-02-18T17:03:15,2026-02-18T18:23:25,sl_hit,310.8,259.1,2.4705,2.01
183,MACD_10_BTCUSD_H1,SELL,H1,66827.6,66518.56,66510.12,65827.6,2026-02-19T10:30:49,2026-02-19T12:01:55,sl_hit,309.0,258.1,2.4614,3.15
184,MA_02_BTCUSD_H1,SELL,H1,66828.52,66518.56,66510.12,65828.52,2026-02-19T10:36:03,2026-02-19T12:01:55,sl_hit,310.0,258.0,2.4596,3.14
185,FIB_06_BTCUSD_H1,SELL,H1,68104.56,67794.83,67793.9,67104.56,2026-02-18T10:01:15,2026-02-18T10:45:47,sl_hit,309.7,257.9,2.4593,3.22
186,MS_07_BTCUSD_H1,SELL,H1,68104.56,67794.83,67793.9,67104.56,2026-02-18T10:01:16,2026-02-18T10:45:47,sl_hit,309.7,257.9,2.4593,3.22
187,ST_01_BTCUSD_H1,SELL,H1,67145.94,66836.62,66833.41,66145.94,2026-02-19T07:00:04,2026-02-19T08:34:49,sl_hit,309.3,257.6,2.4562,3.2
188,PVT_01_BTCUSD_H1,BUY,H1,66022.51,66327.64,66334.28,67022.51,2026-02-19T13:43:01,2026-02-19T14:50:39,sl_hit,305.1,254.6,2.4263,3.21
189,MA_12_BTCUSD_H1,SELL,H1,67125.88,66819.98,66815.72,66125.88,2026-02-19T09:30:38,2026-02-19T09:50:08,sl_hit,305.9,254.1,2.421,3.22
190,ST_06_BTCUSD_H1,SELL,H1,67170.14,66864.96,66687.07,66170.14,2026-02-18T17:58:49,2026-02-18T18:23:26,sl_hit,305.2,253.6,2.4158,2.07
191,PVT_02_BTCUSD_H1,BUY,H1,66022.51,66327.64,66334.28,67022.51,2026-02-19T13:43:01,2026-02-19T14:50:39,sl_hit,305.1,253.1,2.4113,3.21
192,CCI_02_BTCUSD_H1,SELL,H1,66662.86,66359.03,66322.61,65662.86,2026-02-18T18:22:30,2026-02-18T18:47:19,sl_hit,303.8,252.7,2.4073,2.94
193,MACD_05_BTCUSD_H1,SELL,H1,66819.6,66518.56,66510.12,65819.6,2026-02-19T11:01:58,2026-02-19T12:01:56,sl_hit,301.0,250.4,2.3844,3.23
194,MTF_04_BTCUSD_H1,SELL,H1,66819.6,66518.56,66510.12,65819.6,2026-02-19T11:01:58,2026-02-19T12:01:56,sl_hit,301.0,250.0,2.3804,3.23
195,PVT_02_BTCUSD_H1,BUY,H1,66874.49,67175.26,67188.18,67874.49,2026-02-19T02:17:19,2026-02-19T06:28:56,sl_hit,300.8,249.9,2.3787,3.19
196,BB_03_BTCUSD_H1,SELL,H1,68095.98,67794.83,67793.9,67095.98,2026-02-18T10:03:08,2026-02-18T10:45:47,sl_hit,301.1,249.1,2.3715,3.31
197,MACD_05_BTCUSD_H1,BUY,H1,66874.49,67175.26,67188.18,67874.49,2026-02-19T02:17:19,2026-02-19T06:28:56,sl_hit,300.8,248.8,2.3677,3.19
198,VTX_02_BTCUSD_H1,BUY,H1,67656.04,67955.58,67969.93,68656.04,2026-02-18T06:00:45,2026-02-18T07:42:17,sl_hit,299.5,248.8,2.3684,3.19
199,SM_01_BTCUSD_H1,BUY,H1,67656.04,67955.58,67969.93,68656.04,2026-02-18T06:00:45,2026-02-18T07:42:17,sl_hit,299.5,248.4,2.3644,3.19
200,FIB_07_BTCUSD_H1,SELL,H1,68092.53,67794.83,67793.9,67092.53,2026-02-18T10:02:12,2026-02-18T10:45:47,sl_hit,297.7,247.2,2.352,3.35
201,PVT_01_BTCUSD_H1,BUY,H1,66879.25,67178.02,67188.18,67879.25,2026-02-19T01:56:22,2026-02-19T06:28:55,sl_hit,298.8,247.0,2.3497,3.24
202,VOL_06_BTCUSD_H1,BUY,H1,66549.91,66848.51,66848.87,67549.91,2026-02-19T00:11:23,2026-02-19T02:01:31,sl_hit,298.6,246.7,2.347,3.34
203,COR_04_BTCUSD_H1,SELL,H1,68092.53,67794.83,67793.9,67092.53,2026-02-18T10:02:12,2026-02-18T10:45:47,sl_hit,297.7,246.2,2.342,3.35
204,ICH_06_BTCUSD_H1,SELL,H1,66499.15,66201.49,66179.43,65499.15,2026-02-19T11:58:03,2026-02-19T13:28:35,sl_hit,297.7,246.2,2.3416,3.13
205,MACD_08_BTCUSD_H1,SELL,H1,66498.12,66201.49,66179.43,65498.12,2026-02-19T11:54:41,2026-02-19T13:28:35,sl_hit,296.6,245.9,2.3393,3.14
206,SRSI_03_BTCUSD_H1,SELL,H1,67162.34,66864.96,66689.49,66162.34,2026-02-18T18:03:16,2026-02-18T18:23:26,sl_hit,297.4,245.7,2.3368,2.11
207,COR_04_BTCUSD_H1,BUY,H1,67983.96,68281.27,68318.81,68983.96,2026-02-18T15:39:26,2026-02-18T15:42:51,sl_hit,297.3,245.5,2.3351,2.99
208,MOM_02_BTCUSD_H1,SELL,H1,67162.34,66864.96,66689.49,66162.34,2026-02-18T18:03:16,2026-02-18T18:23:26,sl_hit,297.4,245.5,2.3348,2.11
209,MTF_03_BTCUSD_H1,SELL,H1,67162.37,66864.96,66685.41,66162.37,2026-02-18T17:38:46,2026-02-18T18:23:26,sl_hit,297.4,245.5,2.3351,2.1
210,MTF_03_BTCUSD_H1,SELL,H1,66470.03,66173.87,66136.53,65470.03,2026-02-18T20:40:51,2026-02-18T21:11:09,sl_hit,296.2,245.1,2.3306,3.0
211,ICH_01_BTCUSD_H1,SELL,H1,66470.03,66173.83,66136.53,65470.03,2026-02-18T20:40:52,2026-02-18T21:11:09,sl_hit,296.2,244.9,2.329,3.0
212,FIB_01_BTCUSD_H1,SELL,H1,68089.95,67794.11,67793.9,67089.95,2026-02-18T09:01:33,2026-02-18T10:45:46,sl_hit,295.8,244.7,2.3274,3.38
213,MTF_02_BTCUSD_H1,SELL,H1,66367.59,66073.23,66010.33,65367.59,2026-02-19T16:00:42,2026-02-19T16:08:53,sl_hit,294.4,243.7,2.3166,2.8
214,VOL_07_BTCUSD_H1,SELL,H1,67154.21,66859.89,66684.23,66154.21,2026-02-18T16:50:07,2026-02-18T18:23:25,sl_hit,294.3,243.5,2.3152,2.13
215,CDL_07_BTCUSD_H1,SELL,H1,66367.59,66073.22,66010.33,65367.59,2026-02-19T16:00:42,2026-02-19T16:08:53,sl_hit,294.4,243.3,2.3127,2.8
216,PVT_02_BTCUSD_H1,SELL,H1,67154.21,66859.89,66684.23,66154.21,2026-02-18T16:50:07,2026-02-18T18:23:25,sl_hit,294.3,242.7,2.3072,2.13
217,MACD_03_BTCUSD_H1,SELL,H1,67164.38,66872.39,66685.41,66164.38,2026-02-18T17:04:11,2026-02-18T18:23:26,sl_hit,292.0,241.2,2.2919,2.09
218,MA_09_BTCUSD_H1,BUY,H1,67118.65,67411.76,67414.72,68118.65,2026-02-18T16:10:44,2026-02-18T17:08:40,sl_hit,293.1,241.2,2.2921,3.38
219,ST_04_BTCUSD_H1,SELL,H1,67164.38,66872.39,66685.41,66164.38,2026-02-18T17:04:10,2026-02-18T18:23:26,sl_hit,292.0,240.6,2.2859,2.09
220,EW_04_BTCUSD_H1,BUY,H1,66489.52,66779.97,66798.47,67489.52,2026-02-19T01:01:07,2026-02-19T01:48:53,sl_hit,290.4,239.1,2.2715,3.24
221,HARM_06_BTCUSD_H1,BUY,H1,66489.52,66779.97,66798.47,67489.52,2026-02-19T01:01:06,2026-02-19T01:48:53,sl_hit,290.4,239.0,2.2705,3.24
222,MACD_04_BTCUSD_H1,SELL,H1,67125.61,66836.62,66833.41,66125.61,2026-02-19T06:59:12,2026-02-19T08:34:49,sl_hit,289.0,238.1,2.2609,3.42
223,ATR_03_BTCUSD_H1,SELL,H1,67146.86,66859.92,66684.23,66146.86,2026-02-18T16:50:57,2026-02-18T18:23:25,sl_hit,286.9,236.3,2.2434,2.16
224,MA_09_BTCUSD_H1,BUY,H1,67876.3,68163.55,68179.49,68876.3,2026-02-18T07:37:01,2026-02-18T07:50:05,sl_hit,287.2,235.7,2.2365,3.3
225,MA_10_BTCUSD_H1,BUY,H1,67876.3,68163.55,68179.49,68876.3,2026-02-18T07:37:01,2026-02-18T07:50:05,sl_hit,287.2,235.2,2.2325,3.3
226,BB_04_BTCUSD_H1,SELL,H1,67121.71,66836.64,66833.41,66121.71,2026-02-19T06:20:14,2026-02-19T08:34:48,sl_hit,285.1,234.0,2.2197,3.47
227,VTX_02_BTCUSD_H1,SELL,H1,67121.71,66836.64,66833.41,66121.71,2026-02-19T06:20:13,2026-02-19T08:34:48,sl_hit,285.1,234.0,2.2197,3.47
228,KST_03_BTCUSD_H1,BUY,H1,65930.15,66215.01,66280.79,66930.15,2026-02-19T14:11:33,2026-02-19T14:45:36,sl_hit,284.9,233.8,2.2176,2.85
229,PA_06_BTCUSD_H1,SELL,H1,66804.02,66518.56,66510.12,65804.02,2026-02-19T05:02:27,2026-02-19T12:01:53,sl_hit,285.5,233.8,2.2176,3.4
230,FIB_05_BTCUSD_H1,SELL,H1,66988.64,66704.62,66699.8,65988.64,2026-02-19T04:00:27,2026-02-19T11:40:25,sl_hit,284.0,233.4,2.2142,3.46
231,ICH_08_BTCUSD_H1,SELL,H1,66988.52,66704.62,66699.8,65988.52,2026-02-19T04:01:20,2026-02-19T11:40:26,sl_hit,283.9,233.3,2.213,3.46
232,SM_02_BTCUSD_H1,SELL,H1,66988.52,66704.62,66699.8,65988.52,2026-02-19T04:01:20,2026-02-19T11:40:26,sl_hit,283.9,233.0,2.21,3.46
233,STOCH_03_BTCUSD_H1,BUY,H1,66891.54,67173.64,67188.18,67891.54,2026-02-19T02:31:26,2026-02-19T06:28:56,sl_hit,282.1,231.2,2.192,3.37
234,ST_04_BTCUSD_H1,SELL,H1,67532.28,67249.86,67205.41,66532.28,2026-02-18T16:03:33,2026-02-18T16:08:12,sl_hit,282.4,230.8,2.1882,3.06
235,MS_04_BTCUSD_H1,SELL,H1,66800.62,66518.56,66510.12,65800.62,2026-02-19T05:00:27,2026-02-19T12:01:53,sl_hit,282.1,230.5,2.1846,3.44
236,SM_01_BTCUSD_H1,SELL,H1,66988.64,66707.14,66699.8,65988.64,2026-02-19T04:00:26,2026-02-19T11:40:25,sl_hit,281.5,230.5,2.185,3.46
237,MACD_04_BTCUSD_H1,SELL,H1,66675.13,66394.17,66385.19,65675.13,2026-02-19T11:36:50,2026-02-19T12:08:49,sl_hit,281.0,229.9,2.1786,3.45
238,MTF_03_BTCUSD_H1,SELL,H1,66361.06,66079.83,66010.33,65361.06,2026-02-19T15:36:14,2026-02-19T16:08:53,sl_hit,281.2,229.4,2.1743,2.85
239,CDL_10_BTCUSD_H1,BUY,H1,66414.9,66692.81,66708.43,67414.9,2026-02-19T00:02:14,2026-02-19T01:16:09,sl_hit,277.9,226.6,2.1461,3.41
240,FIB_08_BTCUSD_H1,SELL,H1,66796.58,66518.56,66510.12,65796.58,2026-02-19T10:01:53,2026-02-19T12:01:55,sl_hit,278.0,226.5,2.1452,3.49
241,SRSI_04_BTCUSD_H1,SELL,H1,66796.58,66518.56,66510.12,65796.58,2026-02-19T10:01:52,2026-02-19T12:01:54,sl_hit,278.0,226.5,2.1452,3.49
242,ICH_06_BTCUSD_H1,SELL,H1,66806.94,66529.72,66527.97,65806.94,2026-02-19T01:43:11,2026-02-19T11:57:15,sl_hit,277.2,226.0,2.1402,3.58
243,MACD_08_BTCUSD_H1,BUY,H1,66722.29,66998.68,67017.03,67722.29,2026-02-19T01:14:25,2026-02-19T04:05:44,sl_hit,276.4,225.6,2.1359,3.39
244,HARM_06_BTCUSD_H1,SELL,H1,66435.5,66159.69,66092.27,65435.5,2026-02-19T14:52:20,2026-02-19T15:15:42,sl_hit,275.8,225.0,2.1301,2.91
245,BB_03_BTCUSD_H1,BUY,H1,66292.95,66569.24,66571.31,67292.95,2026-02-18T21:01:56,2026-02-19T00:10:34,sl_hit,276.3,224.6,2.1259,3.59
246,ICH_02_BTCUSD_H1,SELL,H1,66794.16,66518.53,66510.12,65794.16,2026-02-19T02:04:58,2026-02-19T12:01:52,sl_hit,275.6,224.6,2.1263,3.52
247,DIV_06_BTCUSD_H1,BUY,H1,66065.76,66341.19,66345.68,67065.76,2026-02-18T19:44:26,2026-02-18T20:27:28,sl_hit,275.4,224.2,2.1223,3.57
248,SM_04_BTCUSD_H1,BUY,H1,66065.76,66341.19,66345.68,67065.76,2026-02-18T19:44:26,2026-02-18T20:27:28,sl_hit,275.4,223.9,2.1193,3.57
249,EW_04_BTCUSD_H1,BUY,H1,67109.92,67382.34,67401.13,68109.92,2026-02-18T13:54:09,2026-02-18T15:04:08,sl_hit,272.4,221.8,2.0982,3.43
250,BB_09_BTCUSD_H1,SELL,H1,68079.06,67807.12,67793.9,67079.06,2026-02-18T09:02:29,2026-02-18T10:46:38,sl_hit,271.9,221.0,2.0904,3.51
251,ADX_01_BTCUSD_H1,SELL,H1,67132.62,66859.89,66684.23,66132.62,2026-02-18T16:11:38,2026-02-18T18:23:25,sl_hit,272.7,220.9,2.0893,2.23
252,MA_10_BTCUSD_H1,BUY,H1,67109.92,67382.34,67401.13,68109.92,2026-02-18T13:54:09,2026-02-18T15:04:08,sl_hit,272.4,220.8,2.0882,3.43
253,MS_01_BTCUSD_H1,SELL,H1,68079.06,67807.12,67793.9,67079.06,2026-02-18T09:02:28,2026-02-18T10:46:38,sl_hit,271.9,220.4,2.0844,3.51
254,ICH_01_BTCUSD_H1,BUY,H1,67137.14,67407.73,67505.89,68137.14,2026-02-18T14:37:18,2026-02-18T15:06:44,sl_hit,270.6,218.7,2.0669,2.71
255,MA_04_BTCUSD_H1,SELL,H1,66787.8,66518.56,66510.12,65787.8,2026-02-19T10:03:43,2026-02-19T12:01:55,sl_hit,269.2,218.5,2.0654,3.6
256,MA_01_BTCUSD_H1,SELL,H1,66787.8,66518.56,66510.12,65787.8,2026-02-19T10:03:42,2026-02-19T12:01:55,sl_hit,269.2,218.1,2.0614,3.6
257,STOCH_08_BTCUSD_H1,SELL,H1,67133.94,66864.96,66689.49,66133.94,2026-02-18T18:04:07,2026-02-18T18:23:26,sl_hit,269.0,218.1,2.0608,2.25
258,VOL_06_BTCUSD_H1,BUY,H1,66300.01,66569.24,66571.31,67300.01,2026-02-18T23:05:17,2026-02-19T00:10:34,sl_hit,269.2,218.1,2.0613,3.69
259,MACD_01_BTCUSD_H1,SELL,H1,67133.94,66864.96,66689.49,66133.94,2026-02-18T18:04:07,2026-02-18T18:23:27,sl_hit,269.0,217.9,2.0588,2.25
260,SM_10_BTCUSD_H1,SELL,H1,66972.45,66704.62,66699.8,65972.45,2026-02-19T04:02:13,2026-02-19T11:40:26,sl_hit,267.8,217.0,2.0503,3.67
261,ADX_02_BTCUSD_H1,SELL,H1,66956.04,66687.85,66673.82,65956.04,2026-02-19T03:27:04,2026-02-19T11:47:01,sl_hit,268.2,216.9,2.0489,3.54
262,ICH_09_BTCUSD_H1,SELL,H1,67132.18,66864.91,66684.23,66132.18,2026-02-18T16:59:28,2026-02-18T18:23:25,sl_hit,267.3,216.4,2.0437,2.23
263,VOL_07_BTCUSD_H1,SELL,H1,67955.72,67688.6,67659.69,66955.72,2026-02-18T15:49:33,2026-02-18T16:01:39,sl_hit,267.1,216.3,2.0432,3.38
264,MA_09_BTCUSD_H1,BUY,H1,66955.62,67223.2,67235.58,67955.62,2026-02-19T02:29:47,2026-02-19T07:24:25,sl_hit,267.6,216.2,2.0418,3.57
265,SM_04_BTCUSD_H1,SELL,H1,66972.45,66704.62,66699.8,65972.45,2026-02-19T04:02:13,2026-02-19T11:40:26,sl_hit,267.8,215.9,2.0393,3.67
266,WR_02_BTCUSD_H1,BUY,H1,66906.53,67173.27,67188.18,67906.53,2026-02-19T06:00:58,2026-02-19T06:28:57,sl_hit,266.7,215.2,2.0324,3.55
267,CDL_07_BTCUSD_H1,BUY,H1,66906.53,67173.27,67188.18,67906.53,2026-02-19T06:01:02,2026-02-19T06:28:57,sl_hit,266.7,214.7,2.0274,3.55
268,MACD_04_BTCUSD_H1,SELL,H1,67132.18,66866.68,66684.23,66132.18,2026-02-18T16:59:28,2026-02-18T18:23:25,sl_hit,265.5,213.6,2.016,2.23
269,MTF_03_BTCUSD_H1,BUY,H1,66957.86,67223.2,67235.58,67957.86,2026-02-19T03:30:27,2026-02-19T07:24:25,sl_hit,265.3,213.6,2.0164,3.6
270,MOM_01_BTCUSD_H1,BUY,H1,66875.67,67139.33,67143.41,67875.67,2026-02-19T08:35:42,2026-02-19T09:25:24,sl_hit,263.7,212.8,2.0076,3.73
271,CCI_01_BTCUSD_H1,BUY,H1,66447.55,66710.6,66734.13,67447.55,2026-02-19T00:04:46,2026-02-19T01:37:27,sl_hit,263.1,212.5,2.0045,3.49
272,ST_03_BTCUSD_H1,SELL,H1,67123.66,66859.92,66684.23,66123.66,2026-02-18T16:51:47,2026-02-18T18:23:25,sl_hit,263.7,212.2,2.0024,2.28
273,MTF_01_BTCUSD_H1,SELL,H1,67123.66,66860.5,66684.23,66123.66,2026-02-18T16:51:47,2026-02-18T18:23:25,sl_hit,263.2,211.8,1.9976,2.28
274,SRSI_01_BTCUSD_H1,BUY,H1,66430.56,66692.83,66708.43,67430.56,2026-02-19T00:01:22,2026-02-19T01:16:09,sl_hit,262.3,211.0,1.9897,3.6
275,VOL_03_BTCUSD_H1,BUY,H1,67149.59,67411.76,67414.72,68149.59,2026-02-18T16:11:37,2026-02-18T17:08:40,sl_hit,262.2,210.8,1.9877,3.77
276,MACD_05_BTCUSD_H1,BUY,H1,66430.56,66692.81,66708.43,67430.56,2026-02-19T00:01:23,2026-02-19T01:16:09,sl_hit,262.2,210.4,1.9845,3.6
277,MA_11_BTCUSD_H1,SELL,H1,67125.88,66864.96,66687.07,66125.88,2026-02-18T17:52:16,2026-02-18T18:23:26,sl_hit,260.9,210.0,1.9802,2.28
278,STOCH_04_BTCUSD_H1,BUY,H1,66449.79,66710.6,66734.13,67449.79,2026-02-18T23:01:31,2026-02-19T01:37:27,sl_hit,260.8,209.7,1.9771,3.52
279,RSI_09_BTCUSD_H1,SELL,H1,66420.7,66160.55,66092.27,65420.7,2026-02-19T15:10:29,2026-02-19T15:15:43,sl_hit,260.1,209.1,1.9715,3.04
280,DIV_02_BTCUSD_H1,SELL,H1,66420.7,66160.55,66092.27,65420.7,2026-02-19T15:10:29,2026-02-19T15:15:43,sl_hit,260.1,209.0,1.9705,3.04
281,STOCH_04_BTCUSD_H1,BUY,H1,66668.27,66927.9,66934.44,67668.27,2026-02-19T01:38:16,2026-02-19T02:30:36,sl_hit,259.6,209.0,1.9703,3.76
282,PVT_03_BTCUSD_H1,BUY,H1,66449.79,66710.6,66734.13,67449.79,2026-02-18T23:01:31,2026-02-19T01:37:27,sl_hit,260.8,208.9,1.9691,3.52
283,BB_08_BTCUSD_H1,BUY,H1,66668.27,66927.9,66934.44,67668.27,2026-02-19T01:38:16,2026-02-19T02:30:36,sl_hit,259.6,208.2,1.9623,3.76
284,BB_08_BTCUSD_H1,BUY,H1,66739.54,66998.68,67017.03,67739.54,2026-02-19T02:38:40,2026-02-19T04:05:45,sl_hit,259.1,207.3,1.9534,3.6
285,MA_07_BTCUSD_H1,SELL,H1,66940.86,66683.29,66673.82,65940.86,2026-02-19T03:30:27,2026-02-19T11:47:49,sl_hit,257.6,205.8,1.9377,3.74
286,ST_02_BTCUSD_H1,SELL,H1,67554.69,67300.38,67280.88,66554.69,2026-02-18T12:09:33,2026-02-18T13:46:16,sl_hit,254.3,203.7,1.9171,3.65
287,DIV_06_BTCUSD_H1,BUY,H1,66455.8,66710.6,66736.68,67455.8,2026-02-18T20:44:58,2026-02-19T01:37:26,sl_hit,254.8,202.9,1.909,3.56
288,PA_06_BTCUSD_H1,SELL,H1,67552.23,67300.06,67280.88,66552.23,2026-02-18T12:47:56,2026-02-18T13:46:16,sl_hit,252.2,201.0,1.8897,3.69
289,MOM_01_BTCUSD_H1,SELL,H1,67552.23,67300.06,67280.88,66552.23,2026-02-18T12:47:56,2026-02-18T13:46:16,sl_hit,252.2,200.6,1.8857,3.69
290,ICH_04_BTCUSD_H1,SELL,H1,67547.42,67300.06,67280.88,66547.42,2026-02-18T12:51:17,2026-02-18T13:46:16,sl_hit,247.4,196.7,1.8466,3.75
291,BB_08_BTCUSD_H1,BUY,H1,66466.73,66710.6,66734.13,67466.73,2026-02-19T00:00:28,2026-02-19T01:37:27,sl_hit,243.9,192.3,1.8027,3.74
292,MACD_01_BTCUSD_H1,SELL,H1,66455.75,66214.51,66146.93,65455.75,2026-02-18T19:05:52,2026-02-18T19:33:28,sl_hit,241.2,190.6,1.7864,3.24
293,BB_09_BTCUSD_H1,BUY,H1,66161.12,66398.72,66433.58,67161.12,2026-02-18T21:03:45,2026-02-18T21:50:57,sl_hit,237.6,186.8,1.748,3.67
294,KST_03_BTCUSD_H1,BUY,H1,66161.12,66398.72,66433.58,67161.12,2026-02-18T21:03:44,2026-02-18T21:50:57,sl_hit,237.6,186.4,1.744,3.67
295,FIB_08_BTCUSD_H1,SELL,H1,66300.78,66073.22,66010.33,65300.78,2026-02-19T15:53:43,2026-02-19T16:08:53,sl_hit,227.6,176.0,1.6396,3.44
296,MOM_01_BTCUSD_H1,BUY,H1,67176.72,67402.08,67504.67,68176.72,2026-02-18T13:48:53,2026-02-18T15:06:44,sl_hit,225.4,174.0,1.6196,3.05
297,MA_10_BTCUSD_H1,SELL,H1,66302.13,66080.17,66010.05,65302.13,2026-02-19T14:47:17,2026-02-19T16:08:52,sl_hit,222.0,171.1,1.5906,3.42
298,ATR_01_BTCUSD_H1,SELL,H1,66293.79,66073.03,66010.33,65293.79,2026-02-19T16:01:39,2026-02-19T16:08:53,sl_hit,220.8,170.1,1.5806,3.53
299,VOL_01_BTCUSD_H1,SELL,H1,66293.79,66073.23,66010.33,65293.79,2026-02-19T16:01:36,2026-02-19T16:08:53,sl_hit,220.6,169.6,1.5756,3.53
300,HARM_06_BTCUSD_H1,SELL,H1,66286.9,66073.17,66010.33,65286.9,2026-02-19T15:52:52,2026-02-19T16:08:53,sl_hit,213.7,162.4,1.5043,3.62
301,CH_04_BTCUSD_H1,SELL,H1,67101.68,66892.3,66684.23,66101.68,2026-02-18T16:10:44,2026-02-18T18:24:18,sl_hit,209.4,157.6,1.4558,2.4
302,MA_12_BTCUSD_H1,SELL,H1,67101.68,66892.3,66684.23,66101.68,2026-02-18T16:10:44,2026-02-18T18:24:18,sl_hit,209.4,157.6,1.4558,2.4
303,MS_01_BTCUSD_H1,BUY,H1,65951.12,66160.12,66280.79,66951.12,2026-02-19T14:03:14,2026-02-19T14:46:27,sl_hit,209.0,157.3,1.453,3.03
304,PVT_02_BTCUSD_H1,SELL,H1,66387.62,66179.86,66092.27,65387.62,2026-02-19T14:51:29,2026-02-19T15:16:34,sl_hit,207.8,157.1,1.4506,3.39
305,VOL_03_BTCUSD_H1,BUY,H1,66217.54,66425.66,66499.57,67217.54,2026-02-19T15:16:32,2026-02-19T15:40:43,sl_hit,208.1,156.8,1.4482,3.55
306,STOCH_08_BTCUSD_H1,SELL,H1,66286.21,66080.02,66010.33,65286.21,2026-02-19T15:12:18,2026-02-19T16:08:52,sl_hit,206.2,155.4,1.4339,3.62
307,ST_05_BTCUSD_H1,SELL,H1,66286.21,66080.02,66010.33,65286.21,2026-02-19T15:12:18,2026-02-19T16:08:52,sl_hit,206.2,154.5,1.4249,3.62
308,PVT_01_BTCUSD_H1,SELL,H1,66387.62,66182.5,66092.27,65387.62,2026-02-19T14:51:29,2026-02-19T15:16:34,sl_hit,205.1,154.3,1.4232,3.39
309,PVT_01_BTCUSD_H1,SELL,H1,66278.21,66075.84,66010.33,65278.21,2026-02-19T15:52:00,2026-02-19T16:08:53,sl_hit,202.4,150.7,1.3867,3.73
310,PVT_02_BTCUSD_H1,SELL,H1,66278.21,66075.84,66010.33,65278.21,2026-02-19T15:52:00,2026-02-19T16:08:53,sl_hit,202.4,150.5,1.3847,3.73
311,SM_05_BTCUSD_H1,BUY,H1,67211.26,67398.77,67505.34,68211.26,2026-02-18T15:00:18,2026-02-18T15:07:35,sl_hit,187.5,136.4,1.2441,3.4
312,ADX_01_BTCUSD_H1,SELL,H1,66376.05,66190.34,66044.44,65376.05,2026-02-19T15:17:23,2026-02-19T15:24:58,sl_hit,185.7,135.2,1.2321,3.02
313,MACD_04_BTCUSD_H1,SELL,H1,66376.05,66190.34,66044.44,65376.05,2026-02-19T15:17:23,2026-02-19T15:24:59,sl_hit,185.7,134.5,1.2251,3.02
314,MTF_03_BTCUSD_H1,SELL,H1,67120.14,66945.29,66810.17,66120.14,2026-02-18T14:37:18,2026-02-18T14:51:55,sl_hit,174.9,123.2,1.1115,3.23
315,PA_01_BTCUSD_H1,BUY,H1,65999.85,66160.12,66280.74,66999.85,2026-02-19T13:44:44,2026-02-19T14:46:26,sl_hit,160.3,109.4,0.9737,3.56
316,MA_10_BTCUSD_H1,BUY,H1,65999.85,66160.12,66280.74,66999.85,2026-02-19T13:44:45,2026-02-19T14:46:26,sl_hit,160.3,109.2,0.9717,3.56
317,HARM_01_BTCUSD_H1,SELL,H1,65982.83,65833.18,65686.77,64982.83,2026-02-19T13:44:45,2026-02-19T14:38:00,sl_hit,149.7,98.5,0.8645,3.38
318,ADX_01_BTCUSD_H1,SELL,H1,65994.59,65847.27,65686.08,64994.59,2026-02-19T14:17:01,2026-02-19T14:38:01,sl_hit,147.3,96.4,0.8442,3.24
319,ICH_04_BTCUSD_H1,SELL,H1,67036.77,66892.3,66684.23,66036.77,2026-02-18T16:53:28,2026-02-18T18:24:18,sl_hit,144.5,93.9,0.8187,2.84
320,MTF_01_BTCUSD_H1,SELL,H1,66333.05,66190.34,66047.88,65333.05,2026-02-19T15:11:24,2026-02-19T15:24:58,sl_hit,142.7,90.8,0.7881,3.51
321,CCI_02_BTCUSD_H1,BUY,H1,68163.44,68293.14,68430.66,69163.44,2026-02-18T08:02:32,2026-02-18T08:28:03,sl_hit,129.7,77.8,0.658,3.74
322,ICH_06_BTCUSD_H1,SELL,H1,65952.91,65886.29,65686.08,64952.91,2026-02-19T14:29:57,2026-02-19T14:38:52,sl_hit,66.6,15.6,0.0362,3.75
323,MACD_08_BTCUSD_H1,SELL,H1,65952.91,65886.29,65686.08,64952.91,2026-02-19T14:29:57,2026-02-19T14:38:52,sl_hit,66.6,14.7,0.0272,3.75
