Rank,Strategy,Direction,TF,Entry,Exit,SL,TP,Opened,Closed,Close Reason,Raw Pips,Spread,Slippage,Net Pips,Gross $,Net $,Risk Pips,Reward Pips,R:R
1,ATR_03_XAUUSD_H1,BUY,H1,4953.25,4974.37,4963.58,4969.25,2026-02-18T13:47:08,2026-02-18T14:32:54,tp_hit,211.2,12,1.0,198.2,21.12,19.7,103.3,160.0,1.55
2,MTF_03_XAUUSD_H1,BUY,H1,4953.25,4974.32,4963.58,4969.25,2026-02-18T13:47:07,2026-02-18T14:32:54,tp_hit,210.7,12,1.2,197.5,21.07,19.63,103.3,160.0,1.55
3,VOL_03_XAUUSD_H1,BUY,H1,4953.34,4974.34,4963.58,4969.34,2026-02-18T13:47:59,2026-02-18T14:32:54,tp_hit,210.0,12,1.2,196.8,21.0,19.56,102.4,160.0,1.56
4,DIV_05_XAUUSD_H1,BUY,H1,4953.34,4974.25,4963.58,4969.34,2026-02-18T13:47:59,2026-02-18T14:32:54,tp_hit,209.1,12,0.6,196.5,20.91,19.53,102.4,160.0,1.56
5,ADX_06_XAUUSD_H1,BUY,H1,4960.97,4981.78,4971.57,4976.97,2026-02-18T14:03:26,2026-02-18T14:37:21,tp_hit,208.1,12,0.8,195.3,20.81,19.41,106.0,160.0,1.51
6,COR_03_XAUUSD_H1,BUY,H1,4960.97,4981.78,4971.57,4976.97,2026-02-18T14:03:25,2026-02-18T14:37:21,tp_hit,208.1,12,0.9,195.2,20.81,19.4,106.0,160.0,1.51
7,MA_10_XAUUSD_H1,BUY,H1,4953.56,4974.2,4963.58,4969.56,2026-02-18T13:55:54,2026-02-18T14:32:54,tp_hit,206.4,12,0.6,193.8,20.64,19.26,100.2,160.0,1.6
8,ST_02_XAUUSD_H1,BUY,H1,4953.56,4974.21,4963.58,4969.56,2026-02-18T13:55:54,2026-02-18T14:32:54,tp_hit,206.5,12,1.2,193.3,20.65,19.21,100.2,160.0,1.6
9,SM_08_XAUUSD_H1,SELL,H1,5019.92,5000.56,5009.55,5003.92,2026-02-19T09:16:07,2026-02-19T09:29:47,tp_hit,193.6,12,1.8,179.8,19.36,17.86,103.7,160.0,1.54
10,VOL_03_XAUUSD_H1,BUY,H1,4986.9,5005.97,4997.11,5002.9,2026-02-18T14:48:30,2026-02-18T15:04:09,tp_hit,190.7,12,0.7,178.0,19.07,17.68,102.1,160.0,1.57
11,DIV_05_XAUUSD_H1,BUY,H1,4986.9,5005.94,4997.11,5002.9,2026-02-18T14:48:30,2026-02-18T15:04:09,tp_hit,190.4,12,0.8,177.6,19.04,17.64,102.1,160.0,1.57
12,ICH_05_XAUUSD_H1,BUY,H1,4982.56,5000.51,4993.03,4998.56,2026-02-18T14:39:55,2026-02-18T15:03:15,tp_hit,179.5,12,0.7,166.8,17.95,16.56,104.7,160.0,1.53
13,ATR_03_XAUUSD_H1,BUY,H1,4988.1,5005.95,4997.13,5004.1,2026-02-18T14:47:39,2026-02-18T15:04:08,tp_hit,178.5,12,1.8,164.7,17.85,16.35,90.3,160.0,1.77
14,MTF_03_XAUUSD_H1,BUY,H1,4988.1,5005.91,4997.13,5004.1,2026-02-18T14:47:39,2026-02-18T15:04:08,tp_hit,178.1,12,1.4,164.7,17.81,16.35,90.3,160.0,1.77
15,MA_10_XAUUSD_H1,BUY,H1,4932.66,4949.57,4940.73,4948.66,2026-02-18T12:54:41,2026-02-18T13:00:56,tp_hit,169.1,12,0.5,156.6,16.91,15.54,80.7,160.0,1.98
16,ST_02_XAUUSD_H1,BUY,H1,4932.66,4949.58,4940.73,4948.66,2026-02-18T12:54:41,2026-02-18T13:00:56,tp_hit,169.2,12,1.0,156.2,16.92,15.5,80.7,160.0,1.98
17,ULT_02_XAUUSD_H1,SELL,H1,4985.64,4968.83,4979.67,4969.64,2026-02-18T21:04:36,2026-02-18T23:02:39,tp_hit,168.1,12,1.2,154.9,16.81,15.37,59.7,160.0,2.68
18,PVT_01_XAUUSD_H1,BUY,H1,4925.3,4941.98,4935.3,4941.3,2026-02-18T12:21:21,2026-02-18T12:59:03,tp_hit,166.8,12,0.6,154.2,16.68,15.3,100.0,160.0,1.6
19,EW_04_XAUUSD_H1,BUY,H1,4925.3,4941.99,4935.3,4941.3,2026-02-18T12:21:21,2026-02-18T12:59:03,tp_hit,166.9,12,0.9,154.0,16.69,15.28,100.0,160.0,1.6
20,FIB_02_XAUUSD_H1,SELL,H1,4985.35,4968.9,4979.67,4969.35,2026-02-18T21:01:59,2026-02-18T23:02:39,tp_hit,164.5,12,0.7,151.8,16.45,15.06,56.8,160.0,2.82
21,MACD_05_XAUUSD_H1,SELL,H1,4985.35,4968.9,4979.67,4969.35,2026-02-18T21:02:01,2026-02-18T23:02:39,tp_hit,164.5,12,0.8,151.7,16.45,15.05,56.8,160.0,2.82
22,SM_02_XAUUSD_H1,BUY,H1,4920.16,4936.65,4929.1,4936.16,2026-02-18T12:34:08,2026-02-18T12:55:34,tp_hit,164.9,12,1.6,151.3,16.49,15.01,89.4,160.0,1.79
23,VTX_02_XAUUSD_H1,BUY,H1,4920.16,4936.64,4929.1,4936.16,2026-02-18T12:34:07,2026-02-18T12:55:34,tp_hit,164.8,12,1.5,151.3,16.48,15.01,89.4,160.0,1.79
24,CP_06_XAUUSD_H1,SELL,H1,5016.86,5000.56,5009.55,5000.86,2026-02-19T09:19:26,2026-02-19T09:29:47,tp_hit,163.0,12,0.8,150.2,16.3,14.9,73.1,160.0,2.19
25,ATR_04_XAUUSD_H1,SELL,H1,5016.81,5000.52,5009.55,5000.81,2026-02-19T09:03:00,2026-02-19T09:29:47,tp_hit,162.9,12,0.9,150.0,16.29,14.88,72.6,160.0,2.2
26,PVT_02_XAUUSD_H1,BUY,H1,4991.36,5007.65,5001.36,5007.36,2026-02-19T05:11:02,2026-02-19T06:34:09,tp_hit,162.9,12,1.2,149.7,16.29,14.85,100.0,160.0,1.6
27,STOCH_03_XAUUSD_H1,SELL,H1,5016.73,5000.54,5009.55,5000.73,2026-02-19T09:03:58,2026-02-19T09:29:47,tp_hit,161.9,12,0.8,149.1,16.19,14.79,71.8,160.0,2.23
28,SRSI_03_XAUUSD_H1,SELL,H1,5016.81,5000.58,5009.55,5000.81,2026-02-19T09:03:00,2026-02-19T09:29:47,tp_hit,162.3,12,1.3,149.0,16.23,14.78,72.6,160.0,2.2
29,STOCH_07_XAUUSD_H1,SELL,H1,5016.8,5000.52,5009.55,5000.8,2026-02-19T09:02:04,2026-02-19T09:29:46,tp_hit,162.8,12,2.0,148.8,16.28,14.76,72.5,160.0,2.21
30,VTX_04_XAUUSD_H1,SELL,H1,5016.73,5000.53,5009.55,5000.73,2026-02-19T09:03:58,2026-02-19T09:29:47,tp_hit,162.0,12,1.9,148.1,16.2,14.69,71.8,160.0,2.23
31,MA_05_XAUUSD_H1,BUY,H1,4999.15,5015.29,5008.97,5015.15,2026-02-19T06:08:54,2026-02-19T06:47:25,tp_hit,161.4,12,1.6,147.8,16.14,14.66,98.2,160.0,1.63
32,ICH_02_XAUUSD_H1,BUY,H1,4999.15,5015.28,5008.97,5015.15,2026-02-19T06:08:55,2026-02-19T06:47:25,tp_hit,161.3,12,1.7,147.6,16.13,14.64,98.2,160.0,1.63
33,MACD_01_XAUUSD_H1,BUY,H1,4895.5,4911.5,4902.99,4911.5,2026-02-18T02:06:33,2026-02-18T04:49:04,tp,160.0,12,1.0,147.0,16.0,14.58,74.9,160.0,2.14
34,MOM_02_XAUUSD_H1,BUY,H1,4895.5,4911.5,4902.99,4911.5,2026-02-18T02:06:23,2026-02-18T04:49:02,tp,160.0,12,1.8,146.2,16.0,14.5,74.9,160.0,2.14
35,MA_10_XAUUSD_H1,SELL,H1,5021.62,5011.34,5010.96,5005.62,2026-02-19T07:11:53,2026-02-19T08:14:30,sl_hit,102.8,12,0.7,90.1,10.28,8.89,106.6,160.0,1.5
36,ICH_06_XAUUSD_H1,BUY,H1,4968.61,4978.72,4979.04,4984.61,2026-02-19T03:05:24,2026-02-19T04:02:18,sl_hit,101.1,12,1.3,87.8,10.11,8.66,104.3,160.0,1.53
37,PVT_03_XAUUSD_H1,SELL,H1,4989.85,4979.87,4979.16,4973.85,2026-02-18T19:03:14,2026-02-18T19:34:18,sl_hit,99.8,12,0.8,87.0,9.98,8.58,106.9,160.0,1.5
38,ULT_02_XAUUSD_H1,SELL,H1,4989.85,4979.87,4979.16,4973.85,2026-02-18T19:03:16,2026-02-18T19:34:18,sl_hit,99.8,12,1.5,86.3,9.98,8.51,106.9,160.0,1.5
39,BB_09_XAUUSD_H1,SELL,H1,4989.74,4979.87,4979.16,4973.74,2026-02-18T19:07:35,2026-02-18T19:34:18,sl_hit,98.7,12,1.3,85.4,9.87,8.42,105.8,160.0,1.51
40,MA_02_XAUUSD_H1,SELL,H1,4989.74,4979.91,4979.16,4973.74,2026-02-18T19:07:35,2026-02-18T19:34:19,sl_hit,98.3,12,1.9,84.4,9.83,8.32,105.8,160.0,1.51
41,ATR_03_XAUUSD_H1,BUY,H1,4968.94,4978.73,4979.04,4984.94,2026-02-19T03:08:46,2026-02-19T04:02:19,sl_hit,97.9,12,1.7,84.2,9.79,8.3,101.0,160.0,1.58
42,CP_06_XAUUSD_H1,SELL,H1,4981.89,4972.37,4971.89,4965.89,2026-02-18T21:08:44,2026-02-18T23:06:58,sl_hit,95.2,12,0.8,82.4,9.52,8.12,100.0,160.0,1.6
43,MACD_04_XAUUSD_H1,BUY,H1,4969.17,4978.73,4979.04,4985.17,2026-02-19T03:12:07,2026-02-19T04:02:19,sl_hit,95.6,12,1.2,82.4,9.56,8.12,98.7,160.0,1.62
44,MA_02_XAUUSD_H1,SELL,H1,5020.7,5011.37,5010.96,5004.7,2026-02-19T07:13:31,2026-02-19T08:14:31,sl_hit,93.3,12,0.9,80.4,9.33,7.92,97.4,160.0,1.64
45,MA_02_XAUUSD_H1,SELL,H1,4981.89,4972.45,4971.89,4965.89,2026-02-18T21:08:44,2026-02-18T23:06:58,sl_hit,94.4,12,2.0,80.4,9.44,7.92,100.0,160.0,1.6
46,ARN_02_XAUUSD_H1,SELL,H1,4981.84,4972.45,4971.81,4965.84,2026-02-18T21:07:06,2026-02-18T23:06:57,sl_hit,93.9,12,1.6,80.3,9.39,7.91,100.3,160.0,1.6
47,FIB_06_XAUUSD_H1,SELL,H1,4981.84,4972.45,4971.81,4965.84,2026-02-18T21:07:06,2026-02-18T23:06:57,sl_hit,93.9,12,1.9,80.0,9.39,7.88,100.3,160.0,1.6
48,ICH_09_XAUUSD_H1,BUY,H1,4969.44,4978.73,4979.04,4985.44,2026-02-19T03:11:16,2026-02-19T04:02:19,sl_hit,92.9,12,1.0,79.9,9.29,7.87,96.0,160.0,1.67
49,PA_06_XAUUSD_H1,SELL,H1,4963.36,4954.1,4954.01,4947.36,2026-02-18T13:39:19,2026-02-18T13:55:57,sl_hit,92.6,12,1.3,79.3,9.26,7.81,93.5,160.0,1.71
50,MTF_04_XAUUSD_H1,BUY,H1,5008.0,5017.11,5018.36,5024.0,2026-02-19T08:03:03,2026-02-19T08:52:07,sl_hit,91.1,12,0.7,78.4,9.11,7.72,103.6,160.0,1.54
51,STOCH_03_XAUUSD_H1,SELL,H1,4981.54,4972.45,4971.7,4965.54,2026-02-18T20:36:44,2026-02-18T23:06:57,sl_hit,90.9,12,1.3,77.6,9.09,7.64,98.4,160.0,1.63
52,ATR_02_XAUUSD_H1,BUY,H1,5008.0,5017.08,5018.36,5024.0,2026-02-19T08:03:04,2026-02-19T08:52:07,sl_hit,90.8,12,1.3,77.5,9.08,7.63,103.6,160.0,1.54
53,SM_03_XAUUSD_H1,BUY,H1,4964.45,4973.53,4973.87,4980.45,2026-02-19T01:01:59,2026-02-19T02:12:24,sl_hit,90.8,12,1.3,77.5,9.08,7.63,94.2,160.0,1.7
54,COR_03_XAUUSD_H1,BUY,H1,5008.11,5017.14,5018.36,5024.11,2026-02-19T08:04:51,2026-02-19T08:52:07,sl_hit,90.3,12,1.2,77.1,9.03,7.59,102.5,160.0,1.56
55,FIB_07_XAUUSD_H1,SELL,H1,4981.54,4972.45,4971.7,4965.54,2026-02-18T20:36:44,2026-02-18T23:06:57,sl_hit,90.9,12,2.0,76.9,9.09,7.57,98.4,160.0,1.63
56,ADX_02_XAUUSD_H1,BUY,H1,4969.76,4978.72,4979.04,4985.76,2026-02-19T02:32:15,2026-02-19T04:02:18,sl_hit,89.6,12,1.0,76.6,8.96,7.54,92.8,160.0,1.72
57,HARM_05_XAUUSD_H1,BUY,H1,5008.11,5017.14,5018.36,5024.11,2026-02-19T08:04:52,2026-02-19T08:52:07,sl_hit,90.3,12,1.8,76.5,9.03,7.53,102.5,160.0,1.56
58,MOM_04_XAUUSD_H1,BUY,H1,5008.21,5017.14,5018.36,5024.21,2026-02-19T08:08:25,2026-02-19T08:52:08,sl_hit,89.3,12,0.9,76.4,8.93,7.52,101.5,160.0,1.58
59,ST_05_XAUUSD_H1,BUY,H1,4969.76,4978.72,4979.04,4985.76,2026-02-19T02:32:15,2026-02-19T04:02:17,sl_hit,89.6,12,1.3,76.3,8.96,7.51,92.8,160.0,1.72
60,ADX_01_XAUUSD_H1,BUY,H1,5008.21,5017.12,5018.36,5024.21,2026-02-19T08:08:25,2026-02-19T08:52:08,sl_hit,89.1,12,1.1,76.0,8.91,7.48,101.5,160.0,1.58
61,PA_06_XAUUSD_H1,BUY,H1,4964.66,4973.5,4973.87,4980.66,2026-02-19T01:10:14,2026-02-19T02:12:25,sl_hit,88.4,12,0.8,75.6,8.84,7.44,92.1,160.0,1.74
62,VOL_03_XAUUSD_H1,BUY,H1,5008.05,5016.96,5017.46,5024.05,2026-02-19T06:35:49,2026-02-19T07:16:52,sl_hit,89.1,12,1.8,75.3,8.91,7.41,94.1,160.0,1.7
63,ADX_06_XAUUSD_H1,BUY,H1,4980.69,4989.47,4989.61,4996.69,2026-02-19T04:01:22,2026-02-19T05:16:04,sl_hit,87.8,12,0.6,75.2,8.78,7.4,89.2,160.0,1.79
64,COR_02_XAUUSD_H1,BUY,H1,4980.69,4989.47,4989.61,4996.69,2026-02-19T04:01:21,2026-02-19T05:16:04,sl_hit,87.8,12,0.6,75.2,8.78,7.4,89.2,160.0,1.79
65,SM_10_XAUUSD_H1,BUY,H1,4964.66,4973.41,4973.87,4980.66,2026-02-19T01:10:15,2026-02-19T02:12:25,sl_hit,87.5,12,1.2,74.3,8.75,7.31,92.1,160.0,1.74
66,VOL_07_XAUUSD_H1,BUY,H1,5008.23,5017.0,5017.46,5024.23,2026-02-19T06:36:39,2026-02-19T07:16:52,sl_hit,87.7,12,1.4,74.3,8.77,7.31,92.3,160.0,1.73
67,ADX_02_XAUUSD_H1,BUY,H1,4964.71,4973.3,4973.87,4980.71,2026-02-19T01:31:38,2026-02-19T02:12:25,sl_hit,85.9,12,0.6,73.3,8.59,7.21,91.6,160.0,1.75
68,FIB_07_XAUUSD_H1,SELL,H1,4926.09,4917.48,4917.37,4910.09,2026-02-18T08:37:44,2026-02-18T09:08:30,sl_hit,86.1,12,0.9,73.2,8.61,7.2,87.2,160.0,1.83
69,ST_05_XAUUSD_H1,BUY,H1,4964.71,4973.34,4973.87,4980.71,2026-02-19T01:31:38,2026-02-19T02:12:25,sl_hit,86.3,12,1.4,72.9,8.63,7.17,91.6,160.0,1.75
70,SRSI_04_XAUUSD_H1,BUY,H1,5008.53,5017.15,5018.36,5024.53,2026-02-19T08:05:46,2026-02-19T08:52:08,sl_hit,86.2,12,2.0,72.2,8.62,7.1,98.3,160.0,1.63
71,MTF_04_XAUUSD_H1,BUY,H1,4965.04,4973.51,4973.87,4981.04,2026-02-19T01:03:37,2026-02-19T02:12:24,sl_hit,84.7,12,0.8,71.9,8.47,7.07,88.3,160.0,1.81
72,VTX_02_XAUUSD_H1,BUY,H1,4972.35,4980.78,4981.47,4988.35,2026-02-18T14:35:37,2026-02-18T14:45:07,sl_hit,84.3,12,1.4,70.9,8.43,6.97,91.2,160.0,1.75
73,EW_06_XAUUSD_H1,SELL,H1,4980.77,4972.42,4971.73,4964.77,2026-02-18T19:43:33,2026-02-18T23:06:56,sl_hit,83.5,12,0.7,70.8,8.35,6.96,90.4,160.0,1.77
74,SM_10_XAUUSD_H1,BUY,H1,4972.35,4980.78,4981.47,4988.35,2026-02-18T14:35:37,2026-02-18T14:45:07,sl_hit,84.3,12,1.5,70.8,8.43,6.96,91.2,160.0,1.75
75,EW_06_XAUUSD_H1,SELL,H1,4962.37,4954.09,4954.01,4946.37,2026-02-18T13:40:10,2026-02-18T13:55:57,sl_hit,82.8,12,0.6,70.2,8.28,6.9,83.6,160.0,1.91
76,ARN_02_XAUUSD_H1,SELL,H1,4991.77,4983.43,4981.97,4975.77,2026-02-19T11:04:37,2026-02-19T11:54:43,sl_hit,83.4,12,1.5,69.9,8.34,6.87,98.0,160.0,1.63
77,SRSI_03_XAUUSD_H1,SELL,H1,4991.77,4983.43,4981.97,4975.77,2026-02-19T11:04:36,2026-02-19T11:54:43,sl_hit,83.4,12,1.9,69.5,8.34,6.83,98.0,160.0,1.63
78,EW_01_XAUUSD_H1,SELL,H1,5019.5,5011.31,5010.96,5003.5,2026-02-19T07:02:41,2026-02-19T08:14:30,sl_hit,81.9,12,0.7,69.2,8.19,6.8,85.4,160.0,1.87
79,PVT_01_XAUUSD_H1,SELL,H1,5019.57,5011.35,5010.96,5003.57,2026-02-19T07:33:41,2026-02-19T08:14:31,sl_hit,82.2,12,1.2,69.0,8.22,6.78,86.1,160.0,1.86
80,BB_03_XAUUSD_H1,SELL,H1,5019.5,5011.31,5010.96,5003.5,2026-02-19T07:02:41,2026-02-19T08:14:30,sl_hit,81.9,12,1.3,68.6,8.19,6.74,85.4,160.0,1.87
81,ICH_01_XAUUSD_H1,SELL,H1,4938.76,4930.53,4929.29,4922.76,2026-02-18T05:39:24,2026-02-18T06:23:03,sl_hit,82.3,12,1.7,68.6,8.23,6.74,94.7,160.0,1.69
82,ST_04_XAUUSD_H1,BUY,H1,5008.95,5017.13,5018.36,5024.95,2026-02-19T08:09:19,2026-02-19T08:52:08,sl_hit,81.8,12,1.5,68.3,8.18,6.71,94.1,160.0,1.7
83,ST_06_XAUUSD_H1,BUY,H1,5008.95,5017.13,5018.36,5024.95,2026-02-19T08:09:19,2026-02-19T08:52:08,sl_hit,81.8,12,1.5,68.3,8.18,6.71,94.1,160.0,1.7
84,VOL_03_XAUUSD_H1,BUY,H1,4970.59,4978.73,4979.04,4986.59,2026-02-19T03:14:38,2026-02-19T04:02:19,sl_hit,81.4,12,1.9,67.5,8.14,6.63,84.5,160.0,1.89
85,DIV_06_XAUUSD_H1,SELL,H1,4980.4,4972.42,4971.71,4964.4,2026-02-18T19:55:19,2026-02-18T23:06:56,sl_hit,79.8,12,0.6,67.2,7.98,6.6,86.9,160.0,1.84
86,MA_12_XAUUSD_H1,BUY,H1,4981.48,4989.47,4989.61,4997.48,2026-02-19T04:08:23,2026-02-19T05:16:05,sl_hit,79.9,12,0.8,67.1,7.99,6.59,81.3,160.0,1.97
87,VOL_07_XAUUSD_H1,BUY,H1,4992.04,5000.0,5002.69,5008.04,2026-02-18T15:00:18,2026-02-18T15:07:35,sl_hit,79.6,12,1.3,66.3,7.96,6.51,106.5,160.0,1.5
88,HARM_03_XAUUSD_H1,BUY,H1,5009.25,5017.13,5018.36,5025.25,2026-02-19T08:03:57,2026-02-19T08:52:07,sl_hit,78.8,12,0.6,66.2,7.88,6.5,91.1,160.0,1.76
89,STOCH_01_XAUUSD_H1,SELL,H1,4925.44,4917.48,4917.37,4909.44,2026-02-18T08:39:30,2026-02-18T09:08:30,sl_hit,79.6,12,1.6,66.0,7.96,6.48,80.7,160.0,1.98
90,ST_06_XAUUSD_H1,SELL,H1,4925.28,4917.48,4917.37,4909.28,2026-02-18T08:42:13,2026-02-18T09:08:30,sl_hit,78.0,12,0.6,65.4,7.8,6.42,79.1,160.0,2.02
91,MS_07_XAUUSD_H1,SELL,H1,4991.19,4983.43,4981.97,4975.19,2026-02-19T11:03:44,2026-02-19T11:54:43,sl_hit,77.6,12,0.6,65.0,7.76,6.38,92.2,160.0,1.74
92,PA_06_XAUUSD_H1,BUY,H1,4971.05,4978.73,4979.04,4987.05,2026-02-19T03:13:48,2026-02-19T04:02:19,sl_hit,76.8,12,0.8,64.0,7.68,6.28,79.9,160.0,2.0
93,ICH_10_XAUUSD_H1,BUY,H1,5009.46,5017.14,5018.36,5025.46,2026-02-19T08:07:32,2026-02-19T08:52:08,sl_hit,76.8,12,0.9,63.9,7.68,6.27,89.0,160.0,1.8
94,MACD_08_XAUUSD_H1,SELL,H1,4980.09,4972.42,4971.71,4964.09,2026-02-18T20:00:24,2026-02-18T23:06:56,sl_hit,76.7,12,0.9,63.8,7.67,6.26,83.8,160.0,1.91
95,FIB_08_XAUUSD_H1,SELL,H1,4980.1,4972.45,4971.7,4964.1,2026-02-18T20:02:16,2026-02-18T23:06:57,sl_hit,76.5,12,0.8,63.7,7.65,6.25,84.0,160.0,1.9
96,MOM_03_XAUUSD_H1,BUY,H1,4971.05,4978.73,4979.04,4987.05,2026-02-19T03:13:48,2026-02-19T04:02:19,sl_hit,76.8,12,1.7,63.1,7.68,6.19,79.9,160.0,2.0
97,RSI_06_XAUUSD_H1,SELL,H1,4980.09,4972.45,4971.71,4964.09,2026-02-18T20:00:25,2026-02-18T23:06:57,sl_hit,76.4,12,1.5,62.9,7.64,6.17,83.8,160.0,1.91
98,ADX_02_XAUUSD_H1,BUY,H1,4954.36,4962.04,4964.5,4970.36,2026-02-18T13:23:17,2026-02-18T13:38:29,sl_hit,76.8,12,2.0,62.8,7.68,6.16,101.4,160.0,1.58
99,MTF_04_XAUUSD_H1,BUY,H1,4968.05,4975.66,4976.33,4984.05,2026-02-18T23:02:27,2026-02-18T23:13:34,sl_hit,76.1,12,1.3,62.8,7.61,6.16,82.8,160.0,1.93
100,PA_01_XAUUSD_H1,SELL,H1,4980.1,4972.46,4971.7,4964.1,2026-02-18T20:02:16,2026-02-18T23:06:57,sl_hit,76.4,12,1.6,62.8,7.64,6.16,84.0,160.0,1.9
101,BB_08_XAUUSD_H1,SELL,H1,4990.95,4983.42,4981.97,4974.95,2026-02-19T11:02:51,2026-02-19T11:54:43,sl_hit,75.3,12,0.6,62.7,7.53,6.15,89.8,160.0,1.78
102,VOL_03_XAUUSD_H1,BUY,H1,4981.96,4989.46,4989.61,4997.96,2026-02-19T04:15:06,2026-02-19T05:16:05,sl_hit,75.0,12,0.9,62.1,7.5,6.09,76.5,160.0,2.09
103,VOL_07_XAUUSD_H1,BUY,H1,4940.05,4947.62,4948.21,4956.05,2026-02-18T12:59:02,2026-02-18T13:04:33,sl_hit,75.7,12,1.6,62.1,7.57,6.09,81.6,160.0,1.96
104,SM_08_XAUUSD_H1,BUY,H1,4946.88,4954.33,4955.42,4962.88,2026-02-18T13:05:25,2026-02-18T13:23:18,sl_hit,74.5,12,0.6,61.9,7.45,6.07,85.4,160.0,1.87
105,FIB_08_XAUUSD_H1,SELL,H1,4990.95,4983.43,4981.97,4974.95,2026-02-19T11:02:51,2026-02-19T11:54:43,sl_hit,75.2,12,1.6,61.6,7.52,6.04,89.8,160.0,1.78
106,DIV_04_XAUUSD_H1,BUY,H1,5009.69,5017.1,5018.36,5025.69,2026-02-19T08:01:11,2026-02-19T08:52:07,sl_hit,74.1,12,1.4,60.7,7.41,5.95,86.7,160.0,1.85
107,MA_11_XAUUSD_H1,BUY,H1,4966.19,4973.53,4973.87,4982.19,2026-02-19T00:45:10,2026-02-19T02:12:24,sl_hit,73.4,12,0.8,60.6,7.34,5.94,76.8,160.0,2.08
108,ICH_06_XAUUSD_H1,BUY,H1,5009.84,5017.14,5018.36,5025.84,2026-02-19T08:18:55,2026-02-19T08:52:09,sl_hit,73.0,12,1.0,60.0,7.3,5.88,85.2,160.0,1.88
109,ADX_01_XAUUSD_H1,BUY,H1,4997.96,5005.18,5005.99,5013.96,2026-02-18T16:20:02,2026-02-18T16:50:08,sl_hit,72.2,12,1.4,58.8,7.22,5.76,80.3,160.0,1.99
110,ATR_03_XAUUSD_H1,BUY,H1,4982.2,4989.46,4989.61,4998.2,2026-02-19T04:09:15,2026-02-19T05:16:05,sl_hit,72.6,12,1.8,58.8,7.26,5.76,74.1,160.0,2.16
111,SRSI_04_XAUUSD_H1,SELL,H1,4921.59,4914.37,4914.37,4905.59,2026-02-18T10:08:10,2026-02-18T10:56:45,sl_hit,72.2,12,1.5,58.7,7.22,5.75,72.2,160.0,2.22
112,MA_06_XAUUSD_H1,SELL,H1,4979.61,4972.42,4971.71,4963.61,2026-02-18T19:53:37,2026-02-18T23:06:56,sl_hit,71.9,12,1.6,58.3,7.19,5.71,79.0,160.0,2.03
113,CCI_01_XAUUSD_H1,SELL,H1,4979.44,4972.45,4971.7,4963.44,2026-02-18T20:07:29,2026-02-18T23:06:57,sl_hit,69.9,12,0.9,57.0,6.99,5.58,77.4,160.0,2.07
114,ICH_05_XAUUSD_H1,BUY,H1,4982.51,4989.47,4989.61,4998.51,2026-02-19T04:05:43,2026-02-19T05:16:05,sl_hit,69.6,12,0.9,56.7,6.96,5.55,71.0,160.0,2.25
115,RSI_03_XAUUSD_H1,SELL,H1,4979.44,4972.45,4971.7,4963.44,2026-02-18T20:07:30,2026-02-18T23:06:57,sl_hit,69.9,12,1.3,56.6,6.99,5.54,77.4,160.0,2.07
116,ICH_06_XAUUSD_H1,BUY,H1,4982.51,4989.47,4989.61,4998.51,2026-02-19T04:05:43,2026-02-19T05:16:04,sl_hit,69.6,12,1.4,56.2,6.96,5.5,71.0,160.0,2.25
117,MA_04_XAUUSD_H1,BUY,H1,5010.25,5017.14,5018.36,5026.25,2026-02-19T08:11:57,2026-02-19T08:52:09,sl_hit,68.9,12,0.9,56.0,6.89,5.48,81.1,160.0,1.97
118,PA_06_XAUUSD_H1,BUY,H1,4982.58,4989.46,4989.61,4998.58,2026-02-19T04:14:17,2026-02-19T05:16:05,sl_hit,68.8,12,0.8,56.0,6.88,5.48,70.3,160.0,2.28
119,HARM_01_XAUUSD_H1,SELL,H1,4979.29,4972.37,4971.81,4963.29,2026-02-18T23:00:36,2026-02-18T23:06:58,sl_hit,69.2,12,1.5,55.7,6.92,5.45,74.8,160.0,2.14
120,MOM_03_XAUUSD_H1,BUY,H1,4982.58,4989.46,4989.61,4998.58,2026-02-19T04:14:17,2026-02-19T05:16:05,sl_hit,68.8,12,1.5,55.3,6.88,5.41,70.3,160.0,2.28
121,WYC_02_XAUUSD_H1,SELL,H1,4975.22,4968.5,4965.39,4959.22,2026-02-19T00:00:30,2026-02-19T00:08:06,sl_hit,67.2,12,0.8,54.4,6.72,5.32,98.3,160.0,1.63
122,STOCH_04_XAUUSD_H1,SELL,H1,4917.85,4911.09,4910.45,4901.85,2026-02-18T10:02:11,2026-02-18T11:49:10,sl_hit,67.6,12,1.3,54.3,6.76,5.31,74.0,160.0,2.16
123,WR_01_XAUUSD_H1,SELL,H1,4992.96,4986.17,4985.68,4976.96,2026-02-19T10:05:28,2026-02-19T10:32:39,sl_hit,67.9,12,1.6,54.3,6.79,5.31,72.8,160.0,2.2
124,ADX_02_XAUUSD_H1,BUY,H1,4993.85,5000.64,5000.97,5009.85,2026-02-18T16:25:07,2026-02-18T16:38:23,sl_hit,67.9,12,1.7,54.2,6.79,5.3,71.2,160.0,2.25
125,CCI_01_XAUUSD_H1,SELL,H1,4992.96,4986.18,4985.68,4976.96,2026-02-19T10:05:28,2026-02-19T10:32:39,sl_hit,67.8,12,1.6,54.2,6.78,5.3,72.8,160.0,2.2
126,CP_02_XAUUSD_H1,BUY,H1,4982.69,4989.47,4989.61,4998.69,2026-02-19T04:07:31,2026-02-19T05:16:05,sl_hit,67.8,12,1.8,54.0,6.78,5.28,69.2,160.0,2.31
127,ICH_10_XAUUSD_H1,SELL,H1,4917.85,4911.09,4910.45,4901.85,2026-02-18T10:02:14,2026-02-18T11:49:10,sl_hit,67.6,12,1.9,53.7,6.76,5.25,74.0,160.0,2.16
128,STOCH_03_XAUUSD_H1,SELL,H1,4998.19,4991.54,4987.74,4982.19,2026-02-18T17:07:50,2026-02-18T18:34:32,sl_hit,66.5,12,1.2,53.3,6.65,5.21,104.5,160.0,1.53
129,EW_04_XAUUSD_H1,BUY,H1,4994.01,5000.64,5000.93,5010.01,2026-02-18T16:24:14,2026-02-18T16:38:23,sl_hit,66.3,12,1.1,53.2,6.63,5.2,69.2,160.0,2.31
130,MA_09_XAUUSD_H1,BUY,H1,4994.01,5000.64,5000.93,5010.01,2026-02-18T16:24:15,2026-02-18T16:38:23,sl_hit,66.3,12,1.2,53.1,6.63,5.19,69.2,160.0,2.31
131,SM_08_XAUUSD_H1,SELL,H1,4998.19,4991.54,4987.74,4982.19,2026-02-18T17:07:50,2026-02-18T18:34:32,sl_hit,66.5,12,1.5,53.0,6.65,5.18,104.5,160.0,1.53
132,SM_08_XAUUSD_H1,SELL,H1,5017.85,5011.31,5010.96,5001.85,2026-02-19T07:08:33,2026-02-19T08:14:30,sl_hit,65.4,12,1.4,52.0,6.54,5.08,68.9,160.0,2.32
133,STOCH_03_XAUUSD_H1,SELL,H1,4989.97,4983.43,4982.04,4973.97,2026-02-19T11:05:28,2026-02-19T11:54:44,sl_hit,65.4,12,1.6,51.8,6.54,5.06,79.3,160.0,2.02
134,VTX_04_XAUUSD_H1,SELL,H1,4989.97,4983.43,4981.97,4973.97,2026-02-19T11:05:28,2026-02-19T11:54:43,sl_hit,65.4,12,1.8,51.6,6.54,5.04,80.0,160.0,2.0
135,MOM_01_XAUUSD_H1,BUY,H1,4972.22,4978.72,4979.04,4988.22,2026-02-19T02:40:18,2026-02-19T04:02:18,sl_hit,65.0,12,1.5,51.5,6.5,5.03,68.2,160.0,2.35
136,RSI_09_XAUUSD_H1,SELL,H1,4923.99,4917.48,4917.37,4907.99,2026-02-18T08:35:49,2026-02-18T09:08:30,sl_hit,65.1,12,1.7,51.4,6.51,5.02,66.2,160.0,2.42
137,ADX_08_XAUUSD_H1,BUY,H1,5010.73,5017.14,5018.36,5026.73,2026-02-19T08:11:07,2026-02-19T08:52:09,sl_hit,64.1,12,0.8,51.3,6.41,5.01,76.3,160.0,2.1
138,ICH_04_XAUUSD_H1,BUY,H1,4972.22,4978.72,4979.04,4988.22,2026-02-19T02:40:18,2026-02-19T04:02:18,sl_hit,65.0,12,1.8,51.2,6.5,5.0,68.2,160.0,2.35
139,ST_01_XAUUSD_H1,BUY,H1,5010.73,5017.14,5018.36,5026.73,2026-02-19T08:11:07,2026-02-19T08:52:09,sl_hit,64.1,12,1.8,50.3,6.41,4.91,76.3,160.0,2.1
140,MOM_01_XAUUSD_H1,BUY,H1,4966.98,4973.34,4973.87,4982.98,2026-02-19T01:39:54,2026-02-19T02:12:26,sl_hit,63.6,12,1.4,50.2,6.36,4.9,68.9,160.0,2.32
141,EW_05_XAUUSD_H1,BUY,H1,4918.55,4924.92,4925.72,4934.55,2026-02-18T12:01:53,2026-02-18T12:20:30,sl_hit,63.7,12,1.6,50.1,6.37,4.89,71.7,160.0,2.23
142,ICH_04_XAUUSD_H1,BUY,H1,4966.98,4973.35,4973.87,4982.98,2026-02-19T01:39:54,2026-02-19T02:12:26,sl_hit,63.7,12,1.8,49.9,6.37,4.87,68.9,160.0,2.32
143,MA_06_XAUUSD_H1,BUY,H1,4999.06,5005.35,5005.99,5015.06,2026-02-18T15:47:03,2026-02-18T16:50:08,sl_hit,62.9,12,1.6,49.3,6.29,4.81,69.3,160.0,2.31
144,MOM_01_XAUUSD_H1,BUY,H1,4928.6,4934.88,4935.72,4944.6,2026-02-18T06:40:22,2026-02-18T07:19:50,sl_hit,62.8,12,1.7,49.1,6.28,4.79,71.2,160.0,2.25
145,CCI_02_XAUUSD_H1,BUY,H1,4928.6,4934.88,4935.72,4944.6,2026-02-18T06:40:20,2026-02-18T07:19:50,sl_hit,62.8,12,1.8,49.0,6.28,4.78,71.2,160.0,2.25
146,PVT_03_XAUUSD_H1,BUY,H1,4983.29,4989.46,4989.61,4999.29,2026-02-19T04:11:47,2026-02-19T05:16:05,sl_hit,61.7,12,0.8,48.9,6.17,4.77,63.2,160.0,2.53
147,ICH_09_XAUUSD_H1,BUY,H1,4983.29,4989.46,4989.61,4999.29,2026-02-19T04:11:47,2026-02-19T05:16:05,sl_hit,61.7,12,1.0,48.7,6.17,4.75,63.2,160.0,2.53
148,VTX_04_XAUUSD_H1,BUY,H1,4928.68,4934.88,4935.72,4944.68,2026-02-18T06:37:37,2026-02-18T07:19:50,sl_hit,62.0,12,1.4,48.6,6.2,4.74,70.4,160.0,2.27
149,MACD_05_XAUUSD_H1,SELL,H1,4976.52,4970.33,4970.07,4960.52,2026-02-19T02:04:57,2026-02-19T02:21:29,sl_hit,61.9,12,1.5,48.4,6.19,4.72,64.5,160.0,2.48
150,STOCH_08_XAUUSD_H1,BUY,H1,4928.68,4934.88,4935.72,4944.68,2026-02-18T06:37:37,2026-02-18T07:19:50,sl_hit,62.0,12,1.6,48.4,6.2,4.72,70.4,160.0,2.27
151,MOM_03_XAUUSD_H1,BUY,H1,4967.33,4973.51,4973.87,4983.33,2026-02-19T01:06:57,2026-02-19T02:12:25,sl_hit,61.8,12,1.6,48.2,6.18,4.7,65.4,160.0,2.45
152,SM_03_XAUUSD_H1,SELL,H1,5006.13,5000.05,4999.91,4990.13,2026-02-18T16:46:44,2026-02-18T17:16:24,sl_hit,60.8,12,0.6,48.2,6.08,4.7,62.2,160.0,2.57
153,MTF_03_XAUUSD_H1,BUY,H1,4967.15,4973.31,4973.87,4983.15,2026-02-19T01:36:33,2026-02-19T02:12:25,sl_hit,61.6,12,1.6,48.0,6.16,4.68,67.2,160.0,2.38
154,MA_05_XAUUSD_H1,BUY,H1,5011.06,5017.13,5018.36,5027.06,2026-02-19T08:10:14,2026-02-19T08:52:08,sl_hit,60.7,12,0.8,47.9,6.07,4.67,73.0,160.0,2.19
155,ICH_02_XAUUSD_H1,BUY,H1,5011.06,5017.13,5018.36,5027.06,2026-02-19T08:10:14,2026-02-19T08:52:09,sl_hit,60.7,12,1.0,47.7,6.07,4.65,73.0,160.0,2.19
156,MA_12_XAUUSD_H1,SELL,H1,4976.52,4970.41,4970.07,4960.52,2026-02-19T02:07:28,2026-02-19T02:21:30,sl_hit,61.1,12,1.6,47.5,6.11,4.63,64.5,160.0,2.48
157,VTX_04_XAUUSD_H1,SELL,H1,4992.25,4986.18,4985.68,4976.25,2026-02-19T10:04:36,2026-02-19T10:32:39,sl_hit,60.7,12,1.4,47.3,6.07,4.61,65.7,160.0,2.44
158,MTF_01_XAUUSD_H1,SELL,H1,5006.13,5000.03,4999.91,4990.13,2026-02-18T16:46:44,2026-02-18T17:16:24,sl_hit,61.0,12,1.8,47.2,6.1,4.6,62.2,160.0,2.57
159,ULT_02_XAUUSD_H1,SELL,H1,4976.52,4970.41,4970.07,4960.52,2026-02-19T02:04:57,2026-02-19T02:21:29,sl_hit,61.1,12,1.9,47.2,6.11,4.6,64.5,160.0,2.48
160,MTF_01_XAUUSD_H1,SELL,H1,4997.42,4991.49,4987.74,4981.42,2026-02-18T17:47:11,2026-02-18T18:34:32,sl_hit,59.3,12,0.5,46.8,5.93,4.56,96.8,160.0,1.65
161,BB_09_XAUUSD_H1,SELL,H1,4992.25,4986.18,4985.68,4976.25,2026-02-19T10:04:36,2026-02-19T10:32:39,sl_hit,60.7,12,2.0,46.7,6.07,4.55,65.7,160.0,2.44
162,ADX_03_XAUUSD_H1,BUY,H1,4928.93,4934.88,4935.72,4944.93,2026-02-18T06:33:00,2026-02-18T07:19:50,sl_hit,59.5,12,1.4,46.1,5.95,4.49,67.9,160.0,2.36
163,BB_09_XAUUSD_H1,SELL,H1,5002.14,4996.28,4995.21,4986.14,2026-02-18T16:05:28,2026-02-18T16:30:09,sl_hit,58.6,12,0.5,46.1,5.86,4.49,69.3,160.0,2.31
164,FIB_07_XAUUSD_H1,SELL,H1,4991.62,4985.78,4985.6,4975.62,2026-02-18T18:35:22,2026-02-18T18:45:35,sl_hit,58.4,12,0.5,45.9,5.84,4.47,60.2,160.0,2.66
165,ICH_05_XAUUSD_H1,BUY,H1,4999.44,5005.42,5005.99,5015.44,2026-02-18T15:40:16,2026-02-18T16:50:08,sl_hit,59.8,12,1.9,45.9,5.98,4.47,65.5,160.0,2.44
166,DIV_08_XAUUSD_H1,BUY,H1,4928.93,4934.88,4935.72,4944.93,2026-02-18T06:32:51,2026-02-18T07:19:50,sl_hit,59.5,12,1.9,45.6,5.95,4.44,67.9,160.0,2.36
167,MA_01_XAUUSD_H1,SELL,H1,4997.42,4991.48,4987.74,4981.42,2026-02-18T17:47:12,2026-02-18T18:34:32,sl_hit,59.4,12,1.9,45.5,5.94,4.43,96.8,160.0,1.65
168,MA_02_XAUUSD_H1,SELL,H1,5002.14,4996.3,4995.21,4986.14,2026-02-18T16:05:28,2026-02-18T16:30:10,sl_hit,58.4,12,1.4,45.0,5.84,4.38,69.3,160.0,2.31
169,PVT_01_XAUUSD_H1,SELL,H1,5004.57,4998.83,4998.69,4988.57,2026-02-18T15:23:24,2026-02-18T16:01:38,sl_hit,57.4,12,0.6,44.8,5.74,4.36,58.8,160.0,2.72
170,VTX_02_XAUUSD_H1,BUY,H1,4983.98,4989.76,4991.61,4999.98,2026-02-18T18:38:43,2026-02-18T19:26:16,sl_hit,57.8,12,1.2,44.6,5.78,4.34,76.3,160.0,2.1
171,SM_08_XAUUSD_H1,SELL,H1,4991.62,4985.78,4985.6,4975.62,2026-02-18T18:35:22,2026-02-18T18:45:35,sl_hit,58.4,12,2.0,44.4,5.84,4.32,60.2,160.0,2.66
172,VOL_07_XAUUSD_H1,SELL,H1,4920.03,4914.37,4914.37,4904.03,2026-02-18T09:43:21,2026-02-18T10:56:45,sl_hit,56.6,12,0.6,44.0,5.66,4.28,56.6,160.0,2.83
173,MA_09_XAUUSD_H1,BUY,H1,4956.47,4962.02,4964.5,4972.47,2026-02-18T13:22:26,2026-02-18T13:38:29,sl_hit,55.5,12,0.5,43.0,5.55,4.18,80.3,160.0,1.99
174,FIB_07_XAUUSD_H1,SELL,H1,4916.76,4911.2,4910.49,4900.76,2026-02-18T11:21:28,2026-02-18T11:49:10,sl_hit,55.6,12,0.7,42.9,5.56,4.17,62.7,160.0,2.55
175,ADX_02_XAUUSD_H1,SELL,H1,4916.76,4911.2,4910.49,4900.76,2026-02-18T11:21:28,2026-02-18T11:49:10,sl_hit,55.6,12,1.3,42.3,5.56,4.11,62.7,160.0,2.55
176,SM_08_XAUUSD_H1,BUY,H1,4919.23,4924.79,4925.72,4935.23,2026-02-18T12:04:30,2026-02-18T12:20:30,sl_hit,55.6,12,1.6,42.0,5.56,4.08,64.9,160.0,2.47
177,EW_04_XAUUSD_H1,BUY,H1,4956.47,4962.02,4964.5,4972.47,2026-02-18T13:22:26,2026-02-18T13:38:29,sl_hit,55.5,12,2.0,41.5,5.55,4.03,80.3,160.0,1.99
178,PVT_03_XAUUSD_H1,SELL,H1,4988.72,4983.42,4981.97,4972.72,2026-02-19T11:21:00,2026-02-19T11:54:44,sl_hit,53.0,12,0.8,40.2,5.3,3.9,67.5,160.0,2.37
179,MTF_01_XAUUSD_H1,BUY,H1,4995.93,5001.22,5001.71,5011.93,2026-02-19T09:37:48,2026-02-19T09:55:25,sl_hit,52.9,12,0.9,40.0,5.29,3.88,57.8,160.0,2.77
180,MA_06_XAUUSD_H1,SELL,H1,4988.72,4983.42,4981.97,4972.72,2026-02-19T11:21:00,2026-02-19T11:54:44,sl_hit,53.0,12,1.1,39.9,5.3,3.87,67.5,160.0,2.37
181,MA_07_XAUUSD_H1,BUY,H1,5011.9,5017.21,5018.36,5027.9,2026-02-19T08:34:45,2026-02-19T08:52:09,sl_hit,53.1,12,1.3,39.8,5.31,3.86,64.6,160.0,2.48
182,ICH_06_XAUUSD_H1,BUY,H1,4984.67,4989.91,4991.61,5000.67,2026-02-18T18:42:52,2026-02-18T19:26:16,sl_hit,52.4,12,0.9,39.5,5.24,3.83,69.4,160.0,2.31
183,MA_11_XAUUSD_H1,BUY,H1,4973.42,4978.76,4979.04,4989.42,2026-02-19T02:14:02,2026-02-19T04:02:17,sl_hit,53.4,12,1.9,39.5,5.34,3.83,56.2,160.0,2.85
184,PVT_01_XAUUSD_H1,BUY,H1,5011.9,5017.19,5018.36,5027.9,2026-02-19T08:34:45,2026-02-19T08:52:09,sl_hit,52.9,12,1.4,39.5,5.29,3.83,64.6,160.0,2.48
185,VOL_03_XAUUSD_H1,BUY,H1,5011.97,5017.2,5018.36,5027.97,2026-02-19T08:37:32,2026-02-19T08:52:10,sl_hit,52.3,12,0.8,39.5,5.23,3.83,63.9,160.0,2.5
186,SM_03_XAUUSD_H1,BUY,H1,4995.93,5001.22,5001.71,5011.93,2026-02-19T09:37:47,2026-02-19T09:55:25,sl_hit,52.9,12,1.5,39.4,5.29,3.82,57.8,160.0,2.77
187,ST_02_XAUUSD_H1,BUY,H1,4973.42,4978.73,4979.04,4989.42,2026-02-19T02:14:02,2026-02-19T04:02:17,sl_hit,53.1,12,2.0,39.1,5.31,3.79,56.2,160.0,2.85
188,MTF_01_XAUUSD_H1,BUY,H1,5011.99,5017.2,5018.36,5027.99,2026-02-19T08:36:37,2026-02-19T08:52:10,sl_hit,52.1,12,1.2,38.9,5.21,3.77,63.7,160.0,2.51
189,PVT_02_XAUUSD_H1,BUY,H1,5011.97,5017.21,5018.36,5027.97,2026-02-19T08:37:31,2026-02-19T08:52:10,sl_hit,52.4,12,1.7,38.7,5.24,3.75,63.9,160.0,2.5
190,SM_03_XAUUSD_H1,BUY,H1,5011.99,5017.21,5018.36,5027.99,2026-02-19T08:36:37,2026-02-19T08:52:09,sl_hit,52.2,12,1.5,38.7,5.22,3.75,63.7,160.0,2.51
191,VOL_03_XAUUSD_H1,BUY,H1,4968.38,4973.5,4973.87,4984.38,2026-02-19T01:08:36,2026-02-19T02:12:25,sl_hit,51.2,12,0.7,38.5,5.12,3.73,54.9,160.0,2.91
192,EW_06_XAUUSD_H1,SELL,H1,4996.77,4991.54,4987.74,4980.77,2026-02-18T17:42:14,2026-02-18T18:34:32,sl_hit,52.3,12,2.0,38.3,5.23,3.71,90.3,160.0,1.77
193,ST_02_XAUUSD_H1,BUY,H1,4968.38,4973.51,4973.87,4984.38,2026-02-19T01:08:36,2026-02-19T02:12:25,sl_hit,51.3,12,1.2,38.1,5.13,3.69,54.9,160.0,2.91
194,STOCH_03_XAUUSD_H1,SELL,H1,4919.4,4914.37,4914.37,4903.4,2026-02-18T10:03:07,2026-02-18T10:56:45,sl_hit,50.3,12,1.3,37.0,5.03,3.58,50.3,160.0,3.18
195,SM_08_XAUUSD_H1,SELL,H1,4919.4,4914.37,4914.37,4903.4,2026-02-18T10:03:06,2026-02-18T10:56:45,sl_hit,50.3,12,1.5,36.8,5.03,3.56,50.3,160.0,3.18
196,MACD_04_XAUUSD_H1,BUY,H1,4949.37,4954.33,4955.42,4965.37,2026-02-18T13:04:32,2026-02-18T13:23:18,sl_hit,49.6,12,1.0,36.6,4.96,3.54,60.5,160.0,2.64
197,PVT_02_XAUUSD_H1,BUY,H1,4996.24,5001.24,5001.71,5012.24,2026-02-19T09:38:41,2026-02-19T09:55:25,sl_hit,50.0,12,1.4,36.6,5.0,3.54,54.7,160.0,2.93
198,VOL_03_XAUUSD_H1,BUY,H1,4996.24,5001.22,5001.71,5012.24,2026-02-19T09:38:41,2026-02-19T09:55:25,sl_hit,49.8,12,1.7,36.1,4.98,3.49,54.7,160.0,2.93
199,PVT_02_XAUUSD_H1,BUY,H1,4984.67,4989.47,4991.61,5000.67,2026-02-18T18:42:53,2026-02-18T19:26:16,sl_hit,48.0,12,1.0,35.0,4.8,3.38,69.4,160.0,2.31
200,FIB_07_XAUUSD_H1,SELL,H1,4975.3,4970.47,4970.07,4959.3,2026-02-19T02:10:45,2026-02-19T02:21:30,sl_hit,48.3,12,1.4,34.9,4.83,3.37,52.3,160.0,3.06
201,MA_02_XAUUSD_H1,SELL,H1,4975.3,4970.47,4970.07,4959.3,2026-02-19T02:10:45,2026-02-19T02:21:30,sl_hit,48.3,12,1.5,34.8,4.83,3.36,52.3,160.0,3.06
202,MOM_01_XAUUSD_H1,BUY,H1,4951.06,4955.84,4956.68,4967.06,2026-02-18T13:46:14,2026-02-18T14:07:03,sl_hit,47.8,12,1.1,34.7,4.78,3.35,56.2,160.0,2.85
203,MACD_04_XAUUSD_H1,BUY,H1,4984.68,4989.46,4989.61,5000.68,2026-02-19T04:12:38,2026-02-19T05:16:05,sl_hit,47.8,12,1.2,34.6,4.78,3.34,49.3,160.0,3.25
204,ADX_01_XAUUSD_H1,SELL,H1,4915.87,4911.18,4910.49,4899.87,2026-02-18T11:16:26,2026-02-18T11:49:10,sl_hit,46.9,12,1.0,33.9,4.69,3.27,53.8,160.0,2.97
205,ST_05_XAUUSD_H1,SELL,H1,4915.87,4911.18,4910.49,4899.87,2026-02-18T11:16:25,2026-02-18T11:49:10,sl_hit,46.9,12,1.1,33.8,4.69,3.26,53.8,160.0,2.97
206,CCI_03_XAUUSD_H1,BUY,H1,4930.27,4934.88,4935.69,4946.27,2026-02-18T07:00:28,2026-02-18T07:19:50,sl_hit,46.1,12,0.5,33.6,4.61,3.24,54.2,160.0,2.95
207,HARM_01_XAUUSD_H1,SELL,H1,4974.72,4970.1,4970.07,4958.72,2026-02-19T02:02:20,2026-02-19T02:21:29,sl_hit,46.2,12,0.9,33.3,4.62,3.21,46.5,160.0,3.44
208,VOL_02_XAUUSD_H1,BUY,H1,4927.91,4932.46,4932.48,4943.91,2026-02-18T06:34:49,2026-02-18T06:58:43,sl_hit,45.5,12,0.7,32.8,4.55,3.16,45.7,160.0,3.5
209,CP_06_XAUUSD_H1,SELL,H1,5016.03,5011.36,5010.96,5000.03,2026-02-19T07:18:33,2026-02-19T08:14:31,sl_hit,46.7,12,2.0,32.7,4.67,3.15,50.7,160.0,3.16
210,MOM_04_XAUUSD_H1,BUY,H1,4930.27,4934.88,4935.69,4946.27,2026-02-18T07:00:25,2026-02-18T07:19:50,sl_hit,46.1,12,1.6,32.5,4.61,3.13,54.2,160.0,2.95
211,HARM_04_XAUUSD_H1,SELL,H1,4974.72,4970.21,4970.07,4958.72,2026-02-19T02:02:21,2026-02-19T02:21:29,sl_hit,45.1,12,0.7,32.4,4.51,3.12,46.5,160.0,3.44
212,MA_02_XAUUSD_H1,SELL,H1,4990.63,4986.17,4985.71,4974.63,2026-02-19T10:16:54,2026-02-19T10:32:39,sl_hit,44.6,12,0.6,32.0,4.46,3.08,49.2,160.0,3.25
213,ST_03_XAUUSD_H1,SELL,H1,4918.93,4914.37,4914.37,4902.93,2026-02-18T09:38:55,2026-02-18T10:56:45,sl_hit,45.6,12,1.6,32.0,4.56,3.08,45.6,160.0,3.51
214,ICH_02_XAUUSD_H1,SELL,H1,4918.93,4914.37,4914.37,4902.93,2026-02-18T09:38:55,2026-02-18T10:56:45,sl_hit,45.6,12,1.7,31.9,4.56,3.07,45.6,160.0,3.51
215,VTX_02_XAUUSD_H1,BUY,H1,4957.56,4962.04,4964.5,4973.56,2026-02-18T13:35:06,2026-02-18T13:38:29,sl_hit,44.8,12,1.0,31.8,4.48,3.06,69.4,160.0,2.31
216,ADX_01_XAUUSD_H1,BUY,H1,4974.26,4978.76,4979.04,4990.26,2026-02-19T02:09:07,2026-02-19T04:02:17,sl_hit,45.0,12,1.3,31.7,4.5,3.05,47.8,160.0,3.35
217,ICH_05_XAUUSD_H1,SELL,H1,4921.9,4917.47,4917.37,4905.9,2026-02-18T08:34:52,2026-02-18T09:08:30,sl_hit,44.3,12,0.7,31.6,4.43,3.04,45.3,160.0,3.53
218,CP_06_XAUUSD_H1,SELL,H1,4974.86,4970.47,4970.07,4958.86,2026-02-19T02:11:34,2026-02-19T02:21:30,sl_hit,43.9,12,0.8,31.1,4.39,2.99,47.9,160.0,3.34
219,EW_01_XAUUSD_H1,SELL,H1,4990.63,4986.17,4985.71,4974.63,2026-02-19T10:16:54,2026-02-19T10:32:39,sl_hit,44.6,12,1.8,30.8,4.46,2.96,49.2,160.0,3.25
220,PVT_03_XAUUSD_H1,SELL,H1,4921.9,4917.47,4917.37,4905.9,2026-02-18T08:34:53,2026-02-18T09:08:30,sl_hit,44.3,12,1.5,30.8,4.43,2.96,45.3,160.0,3.53
221,ICH_04_XAUUSD_H1,BUY,H1,4984.76,4989.2,4991.61,5000.76,2026-02-18T18:49:52,2026-02-18T19:26:17,sl_hit,44.4,12,1.7,30.7,4.44,2.95,68.5,160.0,2.34
222,MOM_01_XAUUSD_H1,BUY,H1,4984.76,4989.1,4991.61,5000.76,2026-02-18T18:49:52,2026-02-18T19:26:16,sl_hit,43.4,12,0.7,30.7,4.34,2.95,68.5,160.0,2.34
223,PVT_01_XAUUSD_H1,SELL,H1,4974.86,4970.41,4970.07,4958.86,2026-02-19T02:06:38,2026-02-19T02:21:29,sl_hit,44.5,12,1.9,30.6,4.45,2.94,47.9,160.0,3.34
224,FIB_07_XAUUSD_H1,SELL,H1,5006.06,5001.68,5001.15,4990.06,2026-02-18T15:24:15,2026-02-18T15:41:10,sl_hit,43.8,12,1.5,30.3,4.38,2.91,49.1,160.0,3.26
225,FIB_01_XAUUSD_H1,SELL,H1,4918.64,4914.37,4914.37,4902.64,2026-02-18T09:37:08,2026-02-18T10:56:45,sl_hit,42.7,12,0.6,30.1,4.27,2.89,42.7,160.0,3.75
226,MA_06_XAUUSD_H1,SELL,H1,4974.86,4970.47,4970.07,4958.86,2026-02-19T02:11:34,2026-02-19T02:21:30,sl_hit,43.9,12,1.9,30.0,4.39,2.88,47.9,160.0,3.34
227,PA_06_XAUUSD_H1,BUY,H1,4964.87,4969.11,4969.27,4980.87,2026-02-19T00:09:43,2026-02-19T00:41:51,sl_hit,42.4,12,0.5,29.9,4.24,2.87,44.0,160.0,3.64
228,SM_10_XAUUSD_H1,BUY,H1,4964.87,4969.11,4969.27,4980.87,2026-02-19T00:09:44,2026-02-19T00:41:51,sl_hit,42.4,12,0.6,29.8,4.24,2.86,44.0,160.0,3.64
229,PVT_01_XAUUSD_H1,BUY,H1,4928.22,4932.46,4932.48,4944.22,2026-02-18T06:36:47,2026-02-18T06:58:43,sl_hit,42.4,12,0.7,29.7,4.24,2.85,42.6,160.0,3.76
230,DIV_06_XAUUSD_H1,SELL,H1,5004.41,5000.15,5000.09,4988.41,2026-02-18T16:53:27,2026-02-18T17:22:23,sl_hit,42.6,12,1.8,28.8,4.26,2.76,43.2,160.0,3.7
231,VOL_07_XAUUSD_H1,BUY,H1,4971.5,4975.65,4976.47,4987.5,2026-02-18T23:09:30,2026-02-18T23:13:34,sl_hit,41.5,12,1.5,28.0,4.15,2.68,49.7,160.0,3.22
232,SRSI_05_XAUUSD_H1,SELL,H1,4918.45,4914.37,4914.37,4902.45,2026-02-18T09:36:14,2026-02-18T10:56:45,sl_hit,40.8,12,1.0,27.8,4.08,2.66,40.8,160.0,3.92
233,MACD_04_XAUUSD_H1,BUY,H1,4971.5,4975.64,4976.47,4987.5,2026-02-18T23:09:30,2026-02-18T23:13:34,sl_hit,41.4,12,1.7,27.7,4.14,2.65,49.7,160.0,3.22
234,FIB_08_XAUUSD_H1,SELL,H1,4918.45,4914.37,4914.37,4902.45,2026-02-18T09:03:21,2026-02-18T10:56:45,sl_hit,40.8,12,1.2,27.6,4.08,2.64,40.8,160.0,3.92
235,VOL_03_XAUUSD_H1,BUY,H1,4965.03,4969.1,4969.27,4981.03,2026-02-19T00:08:06,2026-02-19T00:41:51,sl_hit,40.7,12,1.2,27.5,4.07,2.63,42.4,160.0,3.77
236,MA_06_XAUUSD_H1,SELL,H1,4990.25,4986.18,4985.66,4974.25,2026-02-19T10:20:31,2026-02-19T10:32:40,sl_hit,40.7,12,1.3,27.4,4.07,2.62,45.9,160.0,3.49
237,PVT_03_XAUUSD_H1,SELL,H1,4990.25,4986.17,4985.68,4974.25,2026-02-19T10:20:30,2026-02-19T10:32:40,sl_hit,40.8,12,1.5,27.3,4.08,2.61,45.7,160.0,3.5
238,WR_03_XAUUSD_H1,SELL,H1,4918.45,4914.37,4914.37,4902.45,2026-02-18T09:03:21,2026-02-18T10:56:45,sl_hit,40.8,12,1.6,27.2,4.08,2.6,40.8,160.0,3.92
239,ST_02_XAUUSD_H1,BUY,H1,4965.03,4969.01,4969.27,4981.03,2026-02-19T00:08:06,2026-02-19T00:41:51,sl_hit,39.8,12,0.7,27.1,3.98,2.59,42.4,160.0,3.77
240,FIB_05_XAUUSD_H1,SELL,H1,4915.05,4911.09,4910.48,4899.05,2026-02-18T10:37:58,2026-02-18T11:49:10,sl_hit,39.6,12,0.6,27.0,3.96,2.58,45.7,160.0,3.5
241,VOL_02_XAUUSD_H1,SELL,H1,4918.38,4914.37,4914.37,4902.38,2026-02-18T09:00:34,2026-02-18T10:56:45,sl_hit,40.1,12,1.1,27.0,4.01,2.58,40.1,160.0,3.99
242,MA_10_XAUUSD_H1,BUY,H1,4928.42,4932.46,4932.48,4944.42,2026-02-18T06:39:26,2026-02-18T06:58:43,sl_hit,40.4,12,1.5,26.9,4.04,2.57,40.6,160.0,3.94
243,RSI_09_XAUUSD_H1,SELL,H1,4918.45,4914.37,4914.37,4902.45,2026-02-18T09:36:13,2026-02-18T10:56:45,sl_hit,40.8,12,1.9,26.9,4.08,2.57,40.8,160.0,3.92
244,DIV_06_XAUUSD_H1,SELL,H1,4915.05,4911.09,4910.48,4899.05,2026-02-18T10:37:57,2026-02-18T11:49:10,sl_hit,39.6,12,0.9,26.7,3.96,2.55,45.7,160.0,3.5
245,MA_12_XAUUSD_H1,BUY,H1,4985.61,4989.52,4991.61,5001.61,2026-02-18T18:48:08,2026-02-18T19:26:16,sl_hit,39.1,12,0.7,26.4,3.91,2.52,60.0,160.0,2.67
246,MACD_04_XAUUSD_H1,BUY,H1,5013.26,5017.19,5018.36,5029.26,2026-02-19T08:20:46,2026-02-19T08:52:09,sl_hit,39.3,12,1.1,26.2,3.93,2.5,51.0,160.0,3.14
247,CDL_02_XAUUSD_H1,SELL,H1,4914.91,4911.09,4910.48,4898.91,2026-02-18T11:01:01,2026-02-18T11:49:10,sl_hit,38.2,12,1.0,25.2,3.82,2.4,44.3,160.0,3.61
248,PVT_02_XAUUSD_H1,SELL,H1,5002.73,4998.88,4998.48,4986.73,2026-02-18T16:41:44,2026-02-18T17:37:00,sl_hit,38.5,12,1.4,25.1,3.85,2.39,42.5,160.0,3.76
249,STOCH_03_XAUUSD_H1,SELL,H1,5000.11,4996.3,4995.21,4984.11,2026-02-18T16:07:16,2026-02-18T16:30:10,sl_hit,38.1,12,1.5,24.6,3.81,2.34,49.0,160.0,3.27
250,FIB_08_XAUUSD_H1,SELL,H1,4914.91,4911.18,4910.48,4898.91,2026-02-18T11:01:05,2026-02-18T11:49:10,sl_hit,37.3,12,0.9,24.4,3.73,2.32,44.3,160.0,3.61
251,MACD_08_XAUUSD_H1,SELL,H1,4974.16,4970.47,4970.07,4958.16,2026-02-19T02:09:07,2026-02-19T02:21:30,sl_hit,36.9,12,1.2,23.7,3.69,2.25,40.9,160.0,3.91
252,EW_06_XAUUSD_H1,SELL,H1,5002.73,4999.04,4998.48,4986.73,2026-02-18T16:41:44,2026-02-18T17:37:00,sl_hit,36.9,12,1.4,23.5,3.69,2.23,42.5,160.0,3.76
253,FIB_03_XAUUSD_H1,SELL,H1,4974.16,4970.47,4970.07,4958.16,2026-02-19T02:09:07,2026-02-19T02:21:30,sl_hit,36.9,12,1.4,23.5,3.69,2.23,40.9,160.0,3.91
254,ICH_05_XAUUSD_H1,BUY,H1,4985.34,4989.08,4991.61,5001.34,2026-02-18T18:52:22,2026-02-18T19:26:17,sl_hit,37.4,12,2.0,23.4,3.74,2.22,62.7,160.0,2.55
255,STOCH_03_XAUUSD_H1,SELL,H1,5003.23,4999.67,4998.69,4987.23,2026-02-18T15:06:43,2026-02-18T15:13:23,sl_hit,35.6,12,0.7,22.9,3.56,2.17,45.4,160.0,3.52
256,VOL_07_XAUUSD_H1,BUY,H1,5013.74,5017.2,5018.36,5029.74,2026-02-19T08:38:24,2026-02-19T08:52:10,sl_hit,34.6,12,0.9,21.7,3.46,2.05,46.2,160.0,3.46
257,ST_01_XAUUSD_H1,BUY,H1,4985.61,4989.08,4991.61,5001.61,2026-02-18T18:48:08,2026-02-18T19:26:16,sl_hit,34.7,12,1.8,20.9,3.47,1.97,60.0,160.0,2.67
258,VTX_02_XAUUSD_H1,BUY,H1,4931.51,4934.88,4935.69,4947.51,2026-02-18T07:01:22,2026-02-18T07:19:50,sl_hit,33.7,12,1.5,20.2,3.37,1.9,41.8,160.0,3.83
259,MA_02_XAUUSD_H1,SELL,H1,5003.01,4999.67,4998.69,4987.01,2026-02-18T15:04:59,2026-02-18T15:13:23,sl_hit,33.4,12,1.6,19.8,3.34,1.86,43.2,160.0,3.7
260,DIV_05_XAUUSD_H1,BUY,H1,4931.51,4934.88,4935.69,4947.51,2026-02-18T07:01:22,2026-02-18T07:19:50,sl_hit,33.7,12,2.0,19.7,3.37,1.85,41.8,160.0,3.83
261,ADX_01_XAUUSD_H1,BUY,H1,4958.7,4962.01,4964.5,4974.7,2026-02-18T13:17:25,2026-02-18T13:38:29,sl_hit,33.1,12,1.7,19.4,3.31,1.82,58.0,160.0,2.76
262,MA_04_XAUUSD_H1,BUY,H1,4985.84,4989.12,4991.61,5001.84,2026-02-18T18:49:02,2026-02-18T19:26:16,sl_hit,32.8,12,1.4,19.4,3.28,1.82,57.7,160.0,2.77
263,MA_11_XAUUSD_H1,BUY,H1,4985.84,4989.12,4991.61,5001.84,2026-02-18T18:49:02,2026-02-18T19:26:16,sl_hit,32.8,12,1.5,19.3,3.28,1.81,57.7,160.0,2.77
264,ARN_02_XAUUSD_H1,SELL,H1,4984.19,4981.0,4979.94,4968.19,2026-02-18T20:06:40,2026-02-18T20:19:11,sl_hit,31.9,12,0.7,19.2,3.19,1.8,42.5,160.0,3.76
265,FIB_05_XAUUSD_H1,BUY,H1,4985.64,4988.91,4991.61,5001.64,2026-02-18T18:55:00,2026-02-18T19:26:17,sl_hit,32.7,12,1.5,19.2,3.27,1.8,59.7,160.0,2.68
266,MTF_03_XAUUSD_H1,BUY,H1,4986.05,4989.23,4991.61,5002.05,2026-02-18T18:50:41,2026-02-18T19:26:17,sl_hit,31.8,12,0.6,19.2,3.18,1.8,55.6,160.0,2.88
267,MA_06_XAUUSD_H1,BUY,H1,4985.89,4989.05,4991.61,5001.89,2026-02-18T18:53:14,2026-02-18T19:26:17,sl_hit,31.6,12,1.1,18.5,3.16,1.73,57.2,160.0,2.8
268,ATR_03_XAUUSD_H1,BUY,H1,4986.05,4989.17,4991.61,5002.05,2026-02-18T18:50:41,2026-02-18T19:26:17,sl_hit,31.2,12,1.0,18.2,3.12,1.7,55.6,160.0,2.88
269,FIB_06_XAUUSD_H1,SELL,H1,4984.19,4981.0,4979.94,4968.19,2026-02-18T20:06:40,2026-02-18T20:19:11,sl_hit,31.9,12,1.8,18.1,3.19,1.69,42.5,160.0,3.76
270,PA_06_XAUUSD_H1,SELL,H1,4999.35,4996.28,4995.21,4983.35,2026-02-18T15:40:16,2026-02-18T16:30:09,sl_hit,30.7,12,0.9,17.8,3.07,1.66,41.4,160.0,3.86
271,ADX_01_XAUUSD_H1,BUY,H1,4978.22,4980.94,4982.38,4994.22,2026-02-18T20:30:52,2026-02-18T20:55:01,sl_hit,27.2,12,0.8,14.4,2.72,1.32,41.6,160.0,3.85
272,ST_06_XAUUSD_H1,BUY,H1,4978.22,4980.89,4982.38,4994.22,2026-02-18T20:30:51,2026-02-18T20:55:01,sl_hit,26.7,12,1.8,12.9,2.67,1.17,41.6,160.0,3.85
273,VOL_03_XAUUSD_H1,BUY,H1,4986.64,4989.14,4991.61,5002.64,2026-02-18T18:51:32,2026-02-18T19:26:17,sl_hit,25.0,12,0.5,12.5,2.5,1.13,49.7,160.0,3.22
274,ICH_01_XAUUSD_H1,BUY,H1,4986.64,4989.14,4991.61,5002.64,2026-02-18T18:51:32,2026-02-18T19:26:17,sl_hit,25.0,12,1.1,11.9,2.5,1.07,49.7,160.0,3.22
275,ST_01_XAUUSD_H1,BUY,H1,4987.71,4989.88,4992.56,5003.71,2026-02-19T10:12:28,2026-02-19T11:16:34,sl_hit,21.7,12,1.3,8.4,2.17,0.72,48.5,160.0,3.3
276,ADX_08_XAUUSD_H1,BUY,H1,4987.71,4989.82,4992.56,5003.71,2026-02-19T10:12:28,2026-02-19T11:16:34,sl_hit,21.1,12,0.9,8.2,2.11,0.7,48.5,160.0,3.3
277,SM_02_XAUUSD_H1,BUY,H1,4986.82,4988.68,4991.61,5002.82,2026-02-18T19:00:24,2026-02-18T19:26:17,sl_hit,18.6,12,0.7,5.9,1.86,0.47,47.9,160.0,3.34
